Date,Hour,Minute,Weekday,Weekday_number,Is_lesson,Online_friends
27,16,0,Thursday,3,0,21
27,16,1,Thursday,3,0,25
27,16,2,Thursday,3,0,30
27,16,3,Thursday,3,0,31
27,16,4,Thursday,3,0,23
27,16,5,Thursday,3,0,24
27,16,6,Thursday,3,0,25
27,16,7,Thursday,3,0,23
27,16,8,Thursday,3,0,27
27,16,9,Thursday,3,0,24
27,16,10,Thursday,3,0,23
27,16,11,Thursday,3,1,27
27,16,12,Thursday,3,1,25
27,16,13,Thursday,3,1,22
27,16,14,Thursday,3,1,21
27,16,15,Thursday,3,1,31
27,16,16,Thursday,3,1,30
27,16,17,Thursday,3,1,29
27,16,18,Thursday,3,1,29
27,16,19,Thursday,3,1,24
27,16,20,Thursday,3,1,26
27,16,21,Thursday,3,1,23
27,16,22,Thursday,3,1,21
27,16,23,Thursday,3,1,20
27,16,24,Thursday,3,1,25
27,16,25,Thursday,3,1,29
27,16,26,Thursday,3,1,30
27,16,27,Thursday,3,1,30
27,16,28,Thursday,3,1,30
27,16,29,Thursday,3,1,25
27,16,30,Thursday,3,1,24
27,16,31,Thursday,3,1,24
27,16,32,Thursday,3,1,27
27,16,33,Thursday,3,1,25
27,16,34,Thursday,3,1,26
27,16,35,Thursday,3,1,28
27,16,36,Thursday,3,1,33
27,16,37,Thursday,3,1,30
27,16,38,Thursday,3,1,22
27,16,39,Thursday,3,1,26
27,16,40,Thursday,3,1,23
27,16,41,Thursday,3,1,22
27,16,42,Thursday,3,1,30
27,16,43,Thursday,3,1,33
27,16,44,Thursday,3,1,27
27,16,45,Thursday,3,1,24
27,16,46,Thursday,3,1,25
27,16,47,Thursday,3,1,26
27,16,48,Thursday,3,1,21
27,16,49,Thursday,3,1,26
27,16,50,Thursday,3,0,28
27,16,51,Thursday,3,0,27
27,16,52,Thursday,3,0,26
27,16,53,Thursday,3,0,22
27,16,54,Thursday,3,0,20
27,16,55,Thursday,3,0,18
27,16,56,Thursday,3,1,22
27,16,57,Thursday,3,1,25
27,16,58,Thursday,3,1,23
27,16,59,Thursday,3,1,29
27,17,0,Thursday,3,1,35
27,17,1,Thursday,3,1,32
27,17,2,Thursday,3,1,30
27,17,3,Thursday,3,1,36
27,17,4,Thursday,3,1,35
27,17,5,Thursday,3,1,34
27,17,6,Thursday,3,1,35
27,17,7,Thursday,3,1,31
27,17,8,Thursday,3,1,26
27,17,9,Thursday,3,1,28
27,17,10,Thursday,3,1,27
27,17,11,Thursday,3,1,28
27,17,12,Thursday,3,1,24
27,17,13,Thursday,3,1,28
27,17,14,Thursday,3,1,30
27,17,15,Thursday,3,1,28
27,17,16,Thursday,3,1,29
27,17,17,Thursday,3,1,26
27,17,18,Thursday,3,1,28
27,17,19,Thursday,3,1,31
27,17,20,Thursday,3,1,28
27,17,21,Thursday,3,1,30
27,17,22,Thursday,3,1,29
27,17,23,Thursday,3,1,31
27,17,24,Thursday,3,1,31
27,17,25,Thursday,3,1,31
27,17,26,Thursday,3,1,33
27,17,27,Thursday,3,1,33
27,17,28,Thursday,3,1,33
27,17,29,Thursday,3,1,36
27,17,30,Thursday,3,1,36
27,17,31,Thursday,3,1,34
27,17,32,Thursday,3,1,34
27,17,33,Thursday,3,1,34
27,17,34,Thursday,3,1,34
27,17,35,Thursday,3,0,33
27,17,36,Thursday,3,0,31
27,17,37,Thursday,3,0,33
27,17,38,Thursday,3,0,34
27,17,39,Thursday,3,0,34
27,17,40,Thursday,3,0,37
27,17,41,Thursday,3,0,37
27,17,42,Thursday,3,0,33
27,17,43,Thursday,3,0,34
27,17,44,Thursday,3,0,34
27,17,45,Thursday,3,0,35
27,17,46,Thursday,3,0,34
27,17,47,Thursday,3,0,33
27,17,48,Thursday,3,0,36
27,17,49,Thursday,3,0,34
27,17,50,Thursday,3,0,32
27,17,51,Thursday,3,0,32
27,17,52,Thursday,3,0,33
27,17,53,Thursday,3,0,33
27,17,54,Thursday,3,0,34
27,17,55,Thursday,3,0,34
27,17,56,Thursday,3,0,35
27,17,57,Thursday,3,0,36
27,17,58,Thursday,3,0,35
27,17,59,Thursday,3,0,34
27,18,0,Thursday,3,0,36
27,18,1,Thursday,3,0,38
27,18,2,Thursday,3,0,43
27,18,3,Thursday,3,0,40
27,18,4,Thursday,3,0,40
27,18,5,Thursday,3,0,37
27,18,6,Thursday,3,0,46
27,18,7,Thursday,3,0,38
27,18,8,Thursday,3,0,41
27,18,9,Thursday,3,0,40
27,18,10,Thursday,3,0,44
27,18,11,Thursday,3,0,37
27,18,12,Thursday,3,0,42
27,18,13,Thursday,3,0,40
27,18,14,Thursday,3,0,35
27,18,15,Thursday,3,0,43
27,18,16,Thursday,3,0,33
27,18,17,Thursday,3,0,36
27,18,18,Thursday,3,0,36
27,18,19,Thursday,3,0,38
27,18,20,Thursday,3,0,39
27,18,21,Thursday,3,0,37
27,18,22,Thursday,3,0,33
27,18,23,Thursday,3,0,32
27,18,24,Thursday,3,0,34
27,18,25,Thursday,3,0,32
27,18,26,Thursday,3,0,29
27,18,27,Thursday,3,0,33
27,18,28,Thursday,3,0,34
27,18,29,Thursday,3,0,36
27,18,31,Thursday,3,0,38
27,18,32,Thursday,3,0,36
27,18,33,Thursday,3,0,36
27,18,34,Thursday,3,0,38
27,18,35,Thursday,3,0,38
27,18,36,Thursday,3,0,43
27,18,37,Thursday,3,0,45
27,18,38,Thursday,3,0,44
27,18,39,Thursday,3,0,43
27,18,40,Thursday,3,0,41
27,18,41,Thursday,3,0,48
27,18,42,Thursday,3,0,36
27,18,43,Thursday,3,0,34
27,18,44,Thursday,3,0,31
27,18,45,Thursday,3,0,27
27,18,46,Thursday,3,0,31
27,18,47,Thursday,3,0,34
27,18,48,Thursday,3,0,33
27,18,49,Thursday,3,0,28
27,18,50,Thursday,3,0,31
27,18,51,Thursday,3,0,30
27,18,52,Thursday,3,0,31
27,18,53,Thursday,3,0,30
27,18,54,Thursday,3,0,28
27,18,55,Thursday,3,0,28
27,18,56,Thursday,3,0,33
27,18,57,Thursday,3,0,34
27,18,58,Thursday,3,0,32
27,18,59,Thursday,3,0,30
27,19,0,Thursday,3,0,30
27,19,1,Thursday,3,0,28
27,19,2,Thursday,3,0,27
27,19,3,Thursday,3,0,27
27,19,4,Thursday,3,0,30
27,19,5,Thursday,3,0,34
27,19,6,Thursday,3,0,31
27,19,7,Thursday,3,0,30
27,19,8,Thursday,3,0,27
27,19,9,Thursday,3,0,32
27,19,10,Thursday,3,0,35
27,19,11,Thursday,3,0,37
27,19,12,Thursday,3,0,38
27,19,13,Thursday,3,0,39
27,19,14,Thursday,3,0,40
27,19,15,Thursday,3,0,40
27,19,16,Thursday,3,0,44
27,19,17,Thursday,3,0,44
27,19,18,Thursday,3,0,40
27,19,19,Thursday,3,0,43
27,19,20,Thursday,3,0,36
27,19,21,Thursday,3,0,37
27,19,22,Thursday,3,0,36
27,19,23,Thursday,3,0,35
27,19,24,Thursday,3,0,32
27,19,25,Thursday,3,0,33
27,19,26,Thursday,3,0,28
27,19,27,Thursday,3,0,29
27,19,28,Thursday,3,0,28
27,19,29,Thursday,3,0,31
27,19,30,Thursday,3,0,32
27,19,31,Thursday,3,0,32
27,19,32,Thursday,3,0,39
27,19,33,Thursday,3,0,38
27,19,34,Thursday,3,0,30
27,19,35,Thursday,3,0,34
27,19,36,Thursday,3,0,37
27,19,37,Thursday,3,0,43
27,19,38,Thursday,3,0,47
27,19,39,Thursday,3,0,42
27,19,40,Thursday,3,0,45
27,19,41,Thursday,3,0,41
27,19,42,Thursday,3,0,42
27,19,43,Thursday,3,0,40
27,19,44,Thursday,3,0,40
27,19,45,Thursday,3,0,41
27,19,46,Thursday,3,0,40
27,19,47,Thursday,3,0,42
27,19,48,Thursday,3,0,39
27,19,49,Thursday,3,0,46
27,19,50,Thursday,3,0,45
27,19,51,Thursday,3,0,43
27,19,52,Thursday,3,0,42
27,19,53,Thursday,3,0,40
27,19,54,Thursday,3,0,40
27,19,55,Thursday,3,0,38
27,19,56,Thursday,3,0,34
27,19,57,Thursday,3,0,40
27,19,58,Thursday,3,0,40
27,19,59,Thursday,3,0,42
27,20,0,Thursday,3,0,34
27,20,1,Thursday,3,0,40
27,20,2,Thursday,3,0,46
27,20,3,Thursday,3,0,45
27,20,4,Thursday,3,0,45
27,20,5,Thursday,3,0,42
27,20,6,Thursday,3,0,43
27,20,7,Thursday,3,0,42
27,20,8,Thursday,3,0,42
27,20,9,Thursday,3,0,34
27,20,10,Thursday,3,0,33
27,20,11,Thursday,3,0,35
27,20,12,Thursday,3,0,38
27,20,13,Thursday,3,0,37
27,20,14,Thursday,3,0,32
27,20,15,Thursday,3,0,36
27,20,16,Thursday,3,0,36
27,20,17,Thursday,3,0,40
27,20,18,Thursday,3,0,37
27,20,19,Thursday,3,0,41
27,20,20,Thursday,3,0,41
27,20,21,Thursday,3,0,49
27,20,22,Thursday,3,0,53
27,20,23,Thursday,3,0,49
27,20,24,Thursday,3,0,44
27,20,25,Thursday,3,0,38
27,20,26,Thursday,3,0,40
27,20,27,Thursday,3,0,38
27,20,28,Thursday,3,0,36
27,20,29,Thursday,3,0,34
27,20,30,Thursday,3,0,31
27,20,31,Thursday,3,0,32
27,20,32,Thursday,3,0,28
27,20,33,Thursday,3,0,30
27,20,34,Thursday,3,0,31
27,20,35,Thursday,3,0,31
27,20,36,Thursday,3,0,39
27,20,37,Thursday,3,0,40
27,20,38,Thursday,3,0,42
27,20,39,Thursday,3,0,42
27,20,40,Thursday,3,0,40
27,20,41,Thursday,3,0,39
27,20,42,Thursday,3,0,39
27,20,43,Thursday,3,0,41
27,20,44,Thursday,3,0,43
27,20,45,Thursday,3,0,43
27,20,46,Thursday,3,0,47
27,20,47,Thursday,3,0,49
27,20,48,Thursday,3,0,47
27,20,49,Thursday,3,0,45
27,20,50,Thursday,3,0,41
27,20,51,Thursday,3,0,34
27,20,52,Thursday,3,0,33
27,20,53,Thursday,3,0,36
27,20,54,Thursday,3,0,35
27,20,55,Thursday,3,0,39
27,20,56,Thursday,3,0,39
27,20,57,Thursday,3,0,47
27,20,58,Thursday,3,0,46
27,20,59,Thursday,3,0,49
27,21,0,Thursday,3,0,47
27,21,1,Thursday,3,0,48
27,21,2,Thursday,3,0,50
27,21,3,Thursday,3,0,55
27,21,4,Thursday,3,0,53
27,21,5,Thursday,3,0,49
27,21,6,Thursday,3,0,49
27,21,7,Thursday,3,0,50
27,21,8,Thursday,3,0,50
27,21,9,Thursday,3,0,53
27,21,10,Thursday,3,0,53
27,21,11,Thursday,3,0,49
27,21,12,Thursday,3,0,46
27,21,13,Thursday,3,0,41
27,21,14,Thursday,3,0,44
27,21,15,Thursday,3,0,35
27,21,16,Thursday,3,0,41
27,21,17,Thursday,3,0,43
27,21,18,Thursday,3,0,37
27,21,19,Thursday,3,0,44
27,21,20,Thursday,3,0,48
27,21,21,Thursday,3,0,47
27,21,22,Thursday,3,0,53
27,21,23,Thursday,3,0,55
27,21,24,Thursday,3,0,53
27,21,25,Thursday,3,0,49
27,21,26,Thursday,3,0,49
27,21,27,Thursday,3,0,46
27,21,28,Thursday,3,0,45
27,21,29,Thursday,3,0,46
27,21,30,Thursday,3,0,44
27,21,31,Thursday,3,0,43
27,21,32,Thursday,3,0,47
27,21,33,Thursday,3,0,47
27,21,34,Thursday,3,0,49
27,21,35,Thursday,3,0,46
27,21,36,Thursday,3,0,47
27,21,37,Thursday,3,0,44
27,21,38,Thursday,3,0,45
27,21,39,Thursday,3,0,45
27,21,40,Thursday,3,0,47
27,21,41,Thursday,3,0,52
27,21,42,Thursday,3,0,49
27,21,43,Thursday,3,0,49
27,21,44,Thursday,3,0,49
27,21,45,Thursday,3,0,46
27,21,46,Thursday,3,0,46
27,21,47,Thursday,3,0,42
27,21,48,Thursday,3,0,44
27,21,49,Thursday,3,0,41
27,21,50,Thursday,3,0,39
27,21,51,Thursday,3,0,44
27,21,52,Thursday,3,0,42
27,21,53,Thursday,3,0,42
27,21,54,Thursday,3,0,45
27,21,55,Thursday,3,0,46
27,21,56,Thursday,3,0,50
27,21,57,Thursday,3,0,51
27,21,58,Thursday,3,0,53
27,21,59,Thursday,3,0,51
27,22,0,Thursday,3,0,47
27,22,1,Thursday,3,0,48
27,22,2,Thursday,3,0,45
27,22,3,Thursday,3,0,50
27,22,4,Thursday,3,0,47
27,22,5,Thursday,3,0,52
27,22,6,Thursday,3,0,51
27,22,7,Thursday,3,0,50
27,22,8,Thursday,3,0,49
27,22,9,Thursday,3,0,47
27,22,10,Thursday,3,0,49
27,22,11,Thursday,3,0,48
27,22,12,Thursday,3,0,47
27,22,13,Thursday,3,0,46
27,22,14,Thursday,3,0,45
27,22,15,Thursday,3,0,46
27,22,16,Thursday,3,0,47
27,22,17,Thursday,3,0,39
27,22,18,Thursday,3,0,31
27,22,19,Thursday,3,0,33
27,22,20,Thursday,3,0,36
27,22,21,Thursday,3,0,36
27,22,22,Thursday,3,0,37
27,22,23,Thursday,3,0,41
27,22,24,Thursday,3,0,47
27,22,25,Thursday,3,0,50
27,22,26,Thursday,3,0,46
27,22,27,Thursday,3,0,47
27,22,28,Thursday,3,0,46
27,22,29,Thursday,3,0,44
27,22,30,Thursday,3,0,44
27,22,31,Thursday,3,0,48
27,22,32,Thursday,3,0,52
27,22,33,Thursday,3,0,49
27,22,34,Thursday,3,0,49
27,22,35,Thursday,3,0,50
27,22,36,Thursday,3,0,51
27,22,37,Thursday,3,0,44
27,22,38,Thursday,3,0,45
27,22,39,Thursday,3,0,43
27,22,40,Thursday,3,0,43
27,22,41,Thursday,3,0,42
27,22,42,Thursday,3,0,42
27,22,43,Thursday,3,0,43
27,22,44,Thursday,3,0,46
27,22,45,Thursday,3,0,40
27,22,46,Thursday,3,0,41
27,22,47,Thursday,3,0,39
27,22,48,Thursday,3,0,36
27,22,49,Thursday,3,0,36
27,22,50,Thursday,3,0,38
27,22,51,Thursday,3,0,35
27,22,52,Thursday,3,0,37
27,22,53,Thursday,3,0,40
27,22,54,Thursday,3,0,41
27,22,55,Thursday,3,0,41
27,22,56,Thursday,3,0,39
27,22,57,Thursday,3,0,39
27,22,58,Thursday,3,0,34
27,22,59,Thursday,3,0,37
27,23,0,Thursday,3,0,41
27,23,1,Thursday,3,0,40
27,23,2,Thursday,3,0,35
27,23,3,Thursday,3,0,32
27,23,4,Thursday,3,0,35
27,23,5,Thursday,3,0,38
27,23,6,Thursday,3,0,38
27,23,7,Thursday,3,0,34
27,23,8,Thursday,3,0,35
27,23,9,Thursday,3,0,32
27,23,10,Thursday,3,0,34
27,23,11,Thursday,3,0,32
27,23,12,Thursday,3,0,31
27,23,13,Thursday,3,0,30
27,23,14,Thursday,3,0,27
27,23,15,Thursday,3,0,26
27,23,16,Thursday,3,0,30
27,23,17,Thursday,3,0,29
27,23,18,Thursday,3,0,27
27,23,19,Thursday,3,0,26
27,23,20,Thursday,3,0,28
27,23,21,Thursday,3,0,32
27,23,22,Thursday,3,0,36
27,23,23,Thursday,3,0,35
27,23,24,Thursday,3,0,38
27,23,25,Thursday,3,0,34
27,23,26,Thursday,3,0,33
27,23,27,Thursday,3,0,32
27,23,28,Thursday,3,0,34
27,23,29,Thursday,3,0,30
27,23,30,Thursday,3,0,29
27,23,31,Thursday,3,0,26
27,23,32,Thursday,3,0,26
27,23,33,Thursday,3,0,28
27,23,34,Thursday,3,0,29
27,23,35,Thursday,3,0,28
27,23,36,Thursday,3,0,31
27,23,37,Thursday,3,0,31
27,23,38,Thursday,3,0,30
27,23,39,Thursday,3,0,26
27,23,40,Thursday,3,0,25
27,23,41,Thursday,3,0,29
27,23,42,Thursday,3,0,32
27,23,43,Thursday,3,0,32
27,23,44,Thursday,3,0,30
27,23,45,Thursday,3,0,27
27,23,46,Thursday,3,0,26
27,23,47,Thursday,3,0,28
27,23,48,Thursday,3,0,28
27,23,49,Thursday,3,0,28
27,23,50,Thursday,3,0,33
27,23,51,Thursday,3,0,34
27,23,52,Thursday,3,0,33
27,23,53,Thursday,3,0,28
27,23,54,Thursday,3,0,29
27,23,55,Thursday,3,0,29
27,23,56,Thursday,3,0,26
27,23,57,Thursday,3,0,28
27,23,58,Thursday,3,0,27
27,23,59,Thursday,3,0,25
28,0,0,Friday,4,0,25
28,0,1,Friday,4,0,23
28,0,2,Friday,4,0,24
28,0,3,Friday,4,0,25
28,0,4,Friday,4,0,24
28,0,5,Friday,4,0,23
28,0,6,Friday,4,0,24
28,0,7,Friday,4,0,22
28,0,8,Friday,4,0,23
28,0,9,Friday,4,0,23
28,0,10,Friday,4,0,21
28,0,11,Friday,4,0,21
28,0,12,Friday,4,0,20
28,0,13,Friday,4,0,18
28,0,14,Friday,4,0,20
28,0,15,Friday,4,0,22
28,0,16,Friday,4,0,23
28,0,17,Friday,4,0,23
28,0,18,Friday,4,0,23
28,0,19,Friday,4,0,22
28,0,20,Friday,4,0,17
28,0,21,Friday,4,0,20
28,0,22,Friday,4,0,18
28,0,23,Friday,4,0,16
28,0,24,Friday,4,0,14
28,0,25,Friday,4,0,14
28,0,26,Friday,4,0,13
28,0,27,Friday,4,0,13
28,0,28,Friday,4,0,12
28,0,29,Friday,4,0,11
28,0,30,Friday,4,0,11
28,0,31,Friday,4,0,11
28,0,32,Friday,4,0,12
28,0,33,Friday,4,0,14
28,0,34,Friday,4,0,16
28,0,35,Friday,4,0,14
28,0,36,Friday,4,0,16
28,0,37,Friday,4,0,14
28,0,38,Friday,4,0,13
28,0,39,Friday,4,0,16
28,0,40,Friday,4,0,13
28,0,41,Friday,4,0,10
28,0,42,Friday,4,0,13
28,0,43,Friday,4,0,9
28,0,44,Friday,4,0,6
28,0,45,Friday,4,0,4
28,0,46,Friday,4,0,8
28,0,47,Friday,4,0,8
28,0,48,Friday,4,0,8
28,0,49,Friday,4,0,7
28,0,50,Friday,4,0,6
28,0,51,Friday,4,0,7
28,0,52,Friday,4,0,9
28,0,53,Friday,4,0,8
28,0,54,Friday,4,0,8
28,0,55,Friday,4,0,8
28,0,56,Friday,4,0,10
28,0,57,Friday,4,0,9
28,0,58,Friday,4,0,12
28,0,59,Friday,4,0,13
28,1,0,Friday,4,0,12
28,1,1,Friday,4,0,12
28,1,2,Friday,4,0,13
28,1,3,Friday,4,0,10
28,1,4,Friday,4,0,10
28,1,5,Friday,4,0,10
28,1,6,Friday,4,0,10
28,1,7,Friday,4,0,12
28,1,8,Friday,4,0,13
28,1,9,Friday,4,0,12
28,1,10,Friday,4,0,11
28,1,11,Friday,4,0,10
28,1,12,Friday,4,0,9
28,1,13,Friday,4,0,7
28,1,14,Friday,4,0,6
28,1,15,Friday,4,0,5
28,1,16,Friday,4,0,5
28,1,17,Friday,4,0,6
28,1,18,Friday,4,0,6
28,1,19,Friday,4,0,5
28,1,20,Friday,4,0,3
28,1,21,Friday,4,0,4
28,1,22,Friday,4,0,4
28,1,23,Friday,4,0,4
28,1,24,Friday,4,0,6
28,1,25,Friday,4,0,5
28,1,26,Friday,4,0,8
28,1,27,Friday,4,0,6
28,1,28,Friday,4,0,4
28,1,29,Friday,4,0,5
28,1,30,Friday,4,0,5
28,1,31,Friday,4,0,4
28,1,32,Friday,4,0,6
28,1,33,Friday,4,0,6
28,1,34,Friday,4,0,6
28,1,35,Friday,4,0,5
28,1,36,Friday,4,0,5
28,1,37,Friday,4,0,6
28,1,38,Friday,4,0,7
28,1,39,Friday,4,0,7
28,1,40,Friday,4,0,5
28,1,41,Friday,4,0,4
28,1,42,Friday,4,0,5
28,1,43,Friday,4,0,5
28,1,44,Friday,4,0,6
28,1,45,Friday,4,0,5
28,1,46,Friday,4,0,5
28,1,47,Friday,4,0,6
28,1,48,Friday,4,0,7
28,1,49,Friday,4,0,7
28,1,50,Friday,4,0,6
28,1,51,Friday,4,0,8
28,1,52,Friday,4,0,7
28,1,53,Friday,4,0,7
28,1,54,Friday,4,0,7
28,1,55,Friday,4,0,6
28,1,56,Friday,4,0,7
28,1,57,Friday,4,0,6
28,1,58,Friday,4,0,4
28,1,59,Friday,4,0,4
28,2,0,Friday,4,0,6
28,2,1,Friday,4,0,5
28,2,2,Friday,4,0,5
28,2,3,Friday,4,0,5
28,2,4,Friday,4,0,5
28,2,5,Friday,4,0,4
28,2,6,Friday,4,0,5
28,2,7,Friday,4,0,4
28,2,8,Friday,4,0,4
28,2,9,Friday,4,0,3
28,2,10,Friday,4,0,4
28,2,11,Friday,4,0,3
28,2,12,Friday,4,0,3
28,2,13,Friday,4,0,4
28,2,14,Friday,4,0,4
28,2,15,Friday,4,0,5
28,2,16,Friday,4,0,4
28,2,17,Friday,4,0,5
28,2,18,Friday,4,0,5
28,2,19,Friday,4,0,4
28,2,20,Friday,4,0,3
28,2,21,Friday,4,0,3
28,2,22,Friday,4,0,6
28,2,23,Friday,4,0,5
28,2,24,Friday,4,0,6
28,2,25,Friday,4,0,4
28,2,26,Friday,4,0,3
28,2,27,Friday,4,0,2
28,2,28,Friday,4,0,2
28,2,29,Friday,4,0,2
28,2,30,Friday,4,0,1
28,2,31,Friday,4,0,2
28,2,32,Friday,4,0,4
28,2,33,Friday,4,0,4
28,2,34,Friday,4,0,4
28,2,35,Friday,4,0,4
28,2,36,Friday,4,0,3
28,2,37,Friday,4,0,3
28,2,38,Friday,4,0,3
28,2,39,Friday,4,0,3
28,2,40,Friday,4,0,2
28,2,41,Friday,4,0,1
28,2,42,Friday,4,0,1
28,2,43,Friday,4,0,1
28,2,44,Friday,4,0,2
28,2,45,Friday,4,0,2
28,2,46,Friday,4,0,3
28,2,47,Friday,4,0,4
28,2,48,Friday,4,0,4
28,2,49,Friday,4,0,4
28,2,50,Friday,4,0,4
28,2,51,Friday,4,0,4
28,2,52,Friday,4,0,4
28,2,53,Friday,4,0,3
28,2,54,Friday,4,0,4
28,2,55,Friday,4,0,2
28,2,56,Friday,4,0,2
28,2,57,Friday,4,0,2
28,2,58,Friday,4,0,1
28,2,59,Friday,4,0,1
28,3,0,Friday,4,0,1
28,3,1,Friday,4,0,1
28,3,2,Friday,4,0,1
28,3,3,Friday,4,0,1
28,3,4,Friday,4,0,1
28,3,5,Friday,4,0,1
28,3,6,Friday,4,0,0
28,3,7,Friday,4,0,0
28,3,8,Friday,4,0,0
28,3,9,Friday,4,0,0
28,3,10,Friday,4,0,0
28,3,11,Friday,4,0,0
28,3,12,Friday,4,0,0
28,3,13,Friday,4,0,1
28,3,14,Friday,4,0,2
28,3,15,Friday,4,0,1
28,3,16,Friday,4,0,1
28,3,17,Friday,4,0,1
28,3,18,Friday,4,0,2
28,3,19,Friday,4,0,2
28,3,20,Friday,4,0,2
28,3,21,Friday,4,0,1
28,3,22,Friday,4,0,1
28,3,23,Friday,4,0,1
28,3,24,Friday,4,0,1
28,3,25,Friday,4,0,1
28,3,26,Friday,4,0,1
28,3,27,Friday,4,0,1
28,3,28,Friday,4,0,1
28,3,29,Friday,4,0,2
28,3,30,Friday,4,0,1
28,3,31,Friday,4,0,0
28,3,32,Friday,4,0,0
28,3,33,Friday,4,0,1
28,3,34,Friday,4,0,1
28,3,35,Friday,4,0,1
28,3,36,Friday,4,0,1
28,3,37,Friday,4,0,1
28,3,38,Friday,4,0,1
28,3,39,Friday,4,0,1
28,3,40,Friday,4,0,1
28,3,41,Friday,4,0,1
28,3,42,Friday,4,0,1
28,3,43,Friday,4,0,0
28,3,44,Friday,4,0,0
28,3,45,Friday,4,0,0
28,3,46,Friday,4,0,2
28,3,47,Friday,4,0,2
28,3,48,Friday,4,0,2
28,3,49,Friday,4,0,2
28,3,50,Friday,4,0,2
28,3,51,Friday,4,0,2
28,3,52,Friday,4,0,2
28,3,53,Friday,4,0,1
28,3,54,Friday,4,0,1
28,3,55,Friday,4,0,1
28,3,56,Friday,4,0,1
28,3,57,Friday,4,0,1
28,3,58,Friday,4,0,0
28,3,59,Friday,4,0,0
28,4,0,Friday,4,0,0
28,4,1,Friday,4,0,0
28,4,2,Friday,4,0,0
28,4,3,Friday,4,0,0
28,4,4,Friday,4,0,0
28,4,5,Friday,4,0,0
28,4,6,Friday,4,0,0
28,4,7,Friday,4,0,0
28,4,8,Friday,4,0,0
28,4,9,Friday,4,0,0
28,4,10,Friday,4,0,0
28,4,11,Friday,4,0,0
28,4,12,Friday,4,0,0
28,4,13,Friday,4,0,0
28,4,14,Friday,4,0,0
28,4,15,Friday,4,0,0
28,4,16,Friday,4,0,1
28,4,17,Friday,4,0,1
28,4,18,Friday,4,0,1
28,4,19,Friday,4,0,1
28,4,20,Friday,4,0,1
28,4,21,Friday,4,0,1
28,4,22,Friday,4,0,1
28,4,23,Friday,4,0,0
28,4,24,Friday,4,0,1
28,4,25,Friday,4,0,1
28,4,26,Friday,4,0,1
28,4,27,Friday,4,0,1
28,4,28,Friday,4,0,1
28,4,29,Friday,4,0,1
28,4,30,Friday,4,0,1
28,4,31,Friday,4,0,1
28,4,32,Friday,4,0,0
28,4,33,Friday,4,0,0
28,4,34,Friday,4,0,0
28,4,35,Friday,4,0,0
28,4,36,Friday,4,0,0
28,4,37,Friday,4,0,0
28,4,38,Friday,4,0,1
28,4,39,Friday,4,0,0
28,4,40,Friday,4,0,0
28,4,41,Friday,4,0,0
28,4,42,Friday,4,0,1
28,4,43,Friday,4,0,2
28,4,44,Friday,4,0,2
28,4,45,Friday,4,0,2
28,4,46,Friday,4,0,2
28,4,47,Friday,4,0,3
28,4,48,Friday,4,0,2
28,4,49,Friday,4,0,2
28,4,50,Friday,4,0,2
28,4,51,Friday,4,0,2
28,4,52,Friday,4,0,1
28,4,53,Friday,4,0,1
28,4,54,Friday,4,0,0
28,4,55,Friday,4,0,0
28,4,56,Friday,4,0,0
28,4,57,Friday,4,0,0
28,4,58,Friday,4,0,0
28,4,59,Friday,4,0,0
28,5,0,Friday,4,0,0
28,5,1,Friday,4,0,1
28,5,2,Friday,4,0,1
28,5,3,Friday,4,0,1
28,5,4,Friday,4,0,1
28,5,5,Friday,4,0,1
28,5,6,Friday,4,0,0
28,5,7,Friday,4,0,0
28,5,8,Friday,4,0,0
28,5,9,Friday,4,0,0
28,5,10,Friday,4,0,0
28,5,11,Friday,4,0,0
28,5,12,Friday,4,0,0
28,5,13,Friday,4,0,0
28,5,14,Friday,4,0,0
28,5,15,Friday,4,0,0
28,5,16,Friday,4,0,0
28,5,17,Friday,4,0,0
28,5,18,Friday,4,0,0
28,5,19,Friday,4,0,0
28,5,20,Friday,4,0,0
28,5,21,Friday,4,0,0
28,5,22,Friday,4,0,0
28,5,23,Friday,4,0,0
28,5,24,Friday,4,0,0
28,5,25,Friday,4,0,1
28,5,26,Friday,4,0,2
28,5,27,Friday,4,0,2
28,5,28,Friday,4,0,2
28,5,29,Friday,4,0,2
28,5,30,Friday,4,0,1
28,5,31,Friday,4,0,1
28,5,32,Friday,4,0,1
28,5,33,Friday,4,0,3
28,5,34,Friday,4,0,3
28,5,35,Friday,4,0,2
28,5,36,Friday,4,0,2
28,5,37,Friday,4,0,2
28,5,38,Friday,4,0,1
28,5,39,Friday,4,0,1
28,5,40,Friday,4,0,0
28,5,41,Friday,4,0,0
28,5,42,Friday,4,0,0
28,5,43,Friday,4,0,0
28,5,44,Friday,4,0,0
28,5,45,Friday,4,0,0
28,5,46,Friday,4,0,1
28,5,47,Friday,4,0,1
28,5,48,Friday,4,0,1
28,5,49,Friday,4,0,1
28,5,50,Friday,4,0,1
28,5,51,Friday,4,0,1
28,5,52,Friday,4,0,0
28,5,54,Friday,4,0,0
28,5,55,Friday,4,0,0
28,5,56,Friday,4,0,1
28,5,57,Friday,4,0,1
28,5,58,Friday,4,0,1
28,5,59,Friday,4,0,1
28,6,0,Friday,4,0,1
28,6,1,Friday,4,0,0
28,6,2,Friday,4,0,0
28,6,3,Friday,4,0,2
28,6,4,Friday,4,0,2
28,6,5,Friday,4,0,3
28,6,6,Friday,4,0,3
28,6,7,Friday,4,0,3
28,6,8,Friday,4,0,2
28,6,9,Friday,4,0,2
28,6,10,Friday,4,0,1
28,6,11,Friday,4,0,1
28,6,12,Friday,4,0,1
28,6,13,Friday,4,0,1
28,6,14,Friday,4,0,2
28,6,15,Friday,4,0,2
28,6,16,Friday,4,0,3
28,6,17,Friday,4,0,3
28,6,18,Friday,4,0,4
28,6,19,Friday,4,0,2
28,6,20,Friday,4,0,2
28,6,21,Friday,4,0,3
28,6,22,Friday,4,0,3
28,6,23,Friday,4,0,2
28,6,24,Friday,4,0,2
28,6,25,Friday,4,0,2
28,6,26,Friday,4,0,3
28,6,27,Friday,4,0,3
28,6,28,Friday,4,0,3
28,6,29,Friday,4,0,3
28,6,30,Friday,4,0,4
28,6,31,Friday,4,0,3
28,6,32,Friday,4,0,2
28,6,33,Friday,4,0,3
28,6,34,Friday,4,0,3
28,6,35,Friday,4,0,5
28,6,36,Friday,4,0,4
28,6,37,Friday,4,0,3
28,6,38,Friday,4,0,2
28,6,39,Friday,4,0,3
28,6,40,Friday,4,0,5
28,6,41,Friday,4,0,4
28,6,42,Friday,4,0,3
28,6,43,Friday,4,0,4
28,6,44,Friday,4,0,6
28,6,45,Friday,4,0,5
28,6,46,Friday,4,0,4
28,6,47,Friday,4,0,2
28,6,48,Friday,4,0,1
28,6,49,Friday,4,0,2
28,6,50,Friday,4,0,3
28,6,51,Friday,4,0,4
28,6,52,Friday,4,0,3
28,6,53,Friday,4,0,3
28,6,54,Friday,4,0,3
28,6,55,Friday,4,0,2
28,6,56,Friday,4,0,2
28,6,57,Friday,4,0,4
28,6,58,Friday,4,0,3
28,6,59,Friday,4,0,4
28,7,0,Friday,4,0,3
28,7,1,Friday,4,0,4
28,7,2,Friday,4,0,5
28,7,3,Friday,4,0,4
28,7,4,Friday,4,0,6
28,7,5,Friday,4,0,7
28,7,6,Friday,4,0,7
28,7,7,Friday,4,0,6
28,7,8,Friday,4,0,9
28,7,9,Friday,4,0,7
28,7,10,Friday,4,0,6
28,7,11,Friday,4,0,6
28,7,12,Friday,4,0,7
28,7,13,Friday,4,0,5
28,7,14,Friday,4,0,8
28,7,15,Friday,4,0,6
28,7,16,Friday,4,0,6
28,7,17,Friday,4,0,7
28,7,18,Friday,4,0,8
28,7,19,Friday,4,0,10
28,7,20,Friday,4,0,9
28,7,21,Friday,4,0,8
28,7,22,Friday,4,0,8
28,7,23,Friday,4,0,9
28,7,24,Friday,4,0,8
28,7,25,Friday,4,0,10
28,7,26,Friday,4,0,10
28,7,27,Friday,4,0,9
28,7,28,Friday,4,0,8
28,7,29,Friday,4,0,11
28,7,30,Friday,4,0,11
28,7,31,Friday,4,0,12
28,7,32,Friday,4,0,13
28,7,33,Friday,4,0,14
28,7,34,Friday,4,0,15
28,7,35,Friday,4,0,16
28,7,36,Friday,4,0,15
28,7,37,Friday,4,0,12
28,7,38,Friday,4,0,15
28,7,39,Friday,4,0,16
28,7,40,Friday,4,0,12
28,7,41,Friday,4,0,13
28,7,42,Friday,4,0,13
28,7,43,Friday,4,0,17
28,7,44,Friday,4,0,14
28,7,45,Friday,4,0,15
28,7,46,Friday,4,0,12
28,7,47,Friday,4,0,14
28,7,48,Friday,4,0,14
28,7,49,Friday,4,0,13
28,7,50,Friday,4,0,15
28,7,51,Friday,4,0,19
28,7,52,Friday,4,0,15
28,7,53,Friday,4,0,16
28,7,54,Friday,4,0,18
28,7,55,Friday,4,0,20
28,7,56,Friday,4,0,20
28,7,57,Friday,4,0,17
28,7,58,Friday,4,0,17
28,7,59,Friday,4,0,17
28,8,0,Friday,4,0,18
28,8,1,Friday,4,0,17
28,8,2,Friday,4,0,19
28,8,3,Friday,4,0,16
28,8,4,Friday,4,0,18
28,8,5,Friday,4,0,18
28,8,6,Friday,4,0,20
28,8,7,Friday,4,0,19
28,8,8,Friday,4,0,19
28,8,9,Friday,4,0,19
28,8,10,Friday,4,0,22
28,8,11,Friday,4,0,23
28,8,12,Friday,4,0,23
28,8,13,Friday,4,0,19
28,8,14,Friday,4,0,18
28,8,15,Friday,4,0,19
28,8,16,Friday,4,0,22
28,8,17,Friday,4,0,20
28,8,18,Friday,4,0,21
28,8,19,Friday,4,0,23
28,8,20,Friday,4,0,20
28,8,21,Friday,4,0,26
28,8,22,Friday,4,0,23
28,8,23,Friday,4,0,22
28,8,24,Friday,4,0,27
28,8,25,Friday,4,0,26
28,8,26,Friday,4,0,27
28,8,27,Friday,4,0,28
28,8,28,Friday,4,0,25
28,8,29,Friday,4,0,23
28,8,30,Friday,4,0,21
28,8,31,Friday,4,0,20
28,8,32,Friday,4,0,23
28,8,33,Friday,4,0,21
28,8,34,Friday,4,0,22
28,8,35,Friday,4,0,21
28,8,36,Friday,4,0,21
28,8,37,Friday,4,0,19
28,8,38,Friday,4,0,23
28,8,39,Friday,4,0,25
28,8,40,Friday,4,0,29
28,8,41,Friday,4,0,26
28,8,42,Friday,4,0,33
28,8,43,Friday,4,0,31
28,8,44,Friday,4,0,31
28,8,45,Friday,4,0,31
28,8,46,Friday,4,0,28
28,8,47,Friday,4,0,30
28,8,48,Friday,4,0,31
28,8,49,Friday,4,0,33
28,8,50,Friday,4,0,31
28,8,51,Friday,4,0,29
28,8,52,Friday,4,0,30
28,8,53,Friday,4,0,31
28,8,54,Friday,4,0,28
28,8,55,Friday,4,0,28
28,8,56,Friday,4,0,26
28,8,57,Friday,4,0,27
28,8,58,Friday,4,0,28
28,8,59,Friday,4,0,27
28,9,0,Friday,4,0,21
28,9,1,Friday,4,1,22
28,9,2,Friday,4,1,26
28,9,3,Friday,4,1,23
28,9,4,Friday,4,1,22
28,9,5,Friday,4,1,23
28,9,6,Friday,4,1,23
28,9,7,Friday,4,1,20
28,9,8,Friday,4,1,20
28,9,9,Friday,4,1,21
28,9,10,Friday,4,1,21
28,9,11,Friday,4,1,18
28,9,12,Friday,4,1,16
28,9,13,Friday,4,1,18
28,9,14,Friday,4,1,22
28,9,15,Friday,4,1,19
28,9,16,Friday,4,1,22
28,9,17,Friday,4,1,21
28,9,18,Friday,4,1,14
28,9,19,Friday,4,1,14
28,9,20,Friday,4,1,17
28,9,21,Friday,4,1,17
28,9,22,Friday,4,1,20
28,9,23,Friday,4,1,19
28,9,24,Friday,4,1,22
28,9,25,Friday,4,1,24
28,9,26,Friday,4,1,21
28,9,27,Friday,4,1,20
28,9,28,Friday,4,1,21
28,9,29,Friday,4,1,20
28,9,30,Friday,4,1,19
28,9,31,Friday,4,1,13
28,9,32,Friday,4,1,14
28,9,33,Friday,4,1,13
28,9,34,Friday,4,1,15
28,9,35,Friday,4,1,13
28,9,36,Friday,4,1,16
28,9,37,Friday,4,1,18
28,9,38,Friday,4,1,20
28,9,39,Friday,4,1,18
28,9,40,Friday,4,0,18
28,9,41,Friday,4,0,18
28,9,42,Friday,4,0,16
28,9,43,Friday,4,0,15
28,9,44,Friday,4,0,21
28,9,45,Friday,4,0,19
28,9,46,Friday,4,1,19
28,9,47,Friday,4,1,15
28,9,48,Friday,4,1,15
28,9,49,Friday,4,1,17
28,9,50,Friday,4,1,16
28,9,51,Friday,4,1,12
28,9,52,Friday,4,1,11
28,9,53,Friday,4,1,11
28,9,54,Friday,4,1,13
28,9,55,Friday,4,1,14
28,9,56,Friday,4,1,14
28,9,57,Friday,4,1,14
28,9,58,Friday,4,1,14
28,9,59,Friday,4,1,10
28,10,0,Friday,4,1,12
28,10,1,Friday,4,1,16
28,10,2,Friday,4,1,18
28,10,3,Friday,4,1,18
28,10,4,Friday,4,1,21
28,10,5,Friday,4,1,20
28,10,6,Friday,4,1,20
28,10,7,Friday,4,1,19
28,10,8,Friday,4,1,19
28,10,9,Friday,4,1,19
28,10,10,Friday,4,1,18
28,10,11,Friday,4,1,18
28,10,12,Friday,4,1,19
28,10,13,Friday,4,1,15
28,10,14,Friday,4,1,19
28,10,15,Friday,4,1,17
28,10,16,Friday,4,1,16
28,10,17,Friday,4,1,16
28,10,18,Friday,4,1,23
28,10,19,Friday,4,1,20
28,10,20,Friday,4,1,17
28,10,21,Friday,4,1,16
28,10,22,Friday,4,1,18
28,10,23,Friday,4,1,20
28,10,24,Friday,4,1,19
28,10,25,Friday,4,0,24
28,10,26,Friday,4,0,25
28,10,27,Friday,4,0,23
28,10,28,Friday,4,0,26
28,10,29,Friday,4,0,33
28,10,30,Friday,4,0,31
28,10,31,Friday,4,0,27
28,10,32,Friday,4,0,27
28,10,33,Friday,4,0,26
28,10,34,Friday,4,0,25
28,10,35,Friday,4,0,24
28,10,36,Friday,4,1,23
28,10,37,Friday,4,1,26
28,10,38,Friday,4,1,29
28,10,39,Friday,4,1,23
28,10,40,Friday,4,1,16
28,10,41,Friday,4,1,17
28,10,42,Friday,4,1,15
28,10,43,Friday,4,1,17
28,10,44,Friday,4,1,17
28,10,45,Friday,4,1,16
28,10,46,Friday,4,1,17
28,10,47,Friday,4,1,14
28,10,48,Friday,4,1,15
28,10,49,Friday,4,1,19
28,10,50,Friday,4,1,16
28,10,51,Friday,4,1,15
28,10,52,Friday,4,1,14
28,10,53,Friday,4,1,12
28,10,54,Friday,4,1,9
28,10,55,Friday,4,1,9
28,10,56,Friday,4,1,8
28,10,57,Friday,4,1,8
28,10,58,Friday,4,1,6
28,10,59,Friday,4,1,7
28,11,0,Friday,4,1,8
28,11,1,Friday,4,1,8
28,11,2,Friday,4,1,12
28,11,3,Friday,4,1,11
28,11,4,Friday,4,1,13
28,11,5,Friday,4,1,16
28,11,6,Friday,4,1,17
28,11,7,Friday,4,1,16
28,11,8,Friday,4,1,18
28,11,9,Friday,4,1,19
28,11,10,Friday,4,1,18
28,11,11,Friday,4,1,18
28,11,12,Friday,4,1,17
28,11,13,Friday,4,1,19
28,11,14,Friday,4,1,19
28,11,15,Friday,4,0,25
28,11,16,Friday,4,0,23
28,11,17,Friday,4,0,25
28,11,18,Friday,4,0,26
28,11,19,Friday,4,0,29
28,11,20,Friday,4,0,27
28,11,21,Friday,4,1,25
28,11,22,Friday,4,1,23
28,11,23,Friday,4,1,18
28,11,24,Friday,4,1,21
28,11,25,Friday,4,1,19
28,11,26,Friday,4,1,20
28,11,27,Friday,4,1,21
28,11,28,Friday,4,1,22
28,11,29,Friday,4,1,22
28,11,30,Friday,4,1,20
28,11,31,Friday,4,1,23
28,11,32,Friday,4,1,20
28,11,33,Friday,4,1,17
28,11,34,Friday,4,1,20
28,11,35,Friday,4,1,19
28,11,36,Friday,4,1,19
28,11,37,Friday,4,1,19
28,11,38,Friday,4,1,20
28,11,39,Friday,4,1,15
28,11,40,Friday,4,1,17
28,11,41,Friday,4,1,15
28,11,42,Friday,4,1,17
28,11,43,Friday,4,1,16
28,11,44,Friday,4,1,22
28,11,45,Friday,4,1,26
28,11,46,Friday,4,1,27
28,11,47,Friday,4,1,27
28,11,48,Friday,4,1,25
28,11,49,Friday,4,1,22
28,11,50,Friday,4,1,23
28,11,51,Friday,4,1,22
28,11,52,Friday,4,1,21
28,11,53,Friday,4,1,18
28,11,54,Friday,4,1,17
28,11,55,Friday,4,1,20
28,11,56,Friday,4,1,23
28,11,57,Friday,4,1,24
28,11,58,Friday,4,1,23
28,11,59,Friday,4,1,22
28,12,0,Friday,4,0,19
28,12,1,Friday,4,0,20
28,12,2,Friday,4,0,20
28,12,3,Friday,4,0,20
28,12,4,Friday,4,0,21
28,12,5,Friday,4,0,21
28,12,6,Friday,4,0,20
28,12,7,Friday,4,0,19
28,12,8,Friday,4,0,19
28,12,9,Friday,4,0,20
28,12,10,Friday,4,0,18
28,12,11,Friday,4,0,19
28,12,12,Friday,4,0,22
28,12,13,Friday,4,0,26
28,12,14,Friday,4,0,30
28,12,15,Friday,4,0,32
28,12,16,Friday,4,0,32
28,12,17,Friday,4,0,28
28,12,18,Friday,4,0,35
28,12,19,Friday,4,0,30
28,12,20,Friday,4,0,27
28,12,21,Friday,4,1,23
28,12,22,Friday,4,1,20
28,12,23,Friday,4,1,24
28,12,24,Friday,4,1,22
28,12,25,Friday,4,1,25
28,12,26,Friday,4,1,24
28,12,27,Friday,4,1,22
28,12,28,Friday,4,1,22
28,12,29,Friday,4,1,22
28,12,30,Friday,4,1,21
28,12,31,Friday,4,1,22
28,12,32,Friday,4,1,23
28,12,33,Friday,4,1,25
28,12,34,Friday,4,1,23
28,12,35,Friday,4,1,24
28,12,36,Friday,4,1,24
28,12,37,Friday,4,1,23
28,12,38,Friday,4,1,20
28,12,39,Friday,4,1,22
28,12,40,Friday,4,1,23
28,12,41,Friday,4,1,24
28,12,42,Friday,4,1,23
28,12,43,Friday,4,1,22
28,12,44,Friday,4,1,25
28,12,45,Friday,4,1,23
28,12,46,Friday,4,1,25
28,12,47,Friday,4,1,27
28,12,48,Friday,4,1,23
28,12,49,Friday,4,1,24
28,12,50,Friday,4,1,21
28,12,51,Friday,4,1,20
28,12,52,Friday,4,1,17
28,12,53,Friday,4,1,24
28,12,54,Friday,4,1,24
28,12,55,Friday,4,1,24
28,12,56,Friday,4,1,32
28,12,57,Friday,4,1,31
28,12,58,Friday,4,1,27
28,12,59,Friday,4,1,27
28,13,0,Friday,4,0,28
28,13,1,Friday,4,0,30
28,13,2,Friday,4,0,29
28,13,3,Friday,4,0,27
28,13,4,Friday,4,0,27
28,13,5,Friday,4,0,23
28,13,6,Friday,4,1,22
28,13,7,Friday,4,1,20
28,13,8,Friday,4,1,19
28,13,9,Friday,4,1,19
28,13,10,Friday,4,1,17
28,13,11,Friday,4,1,19
28,13,12,Friday,4,1,20
28,13,13,Friday,4,1,18
28,13,14,Friday,4,1,17
28,13,15,Friday,4,1,17
28,13,16,Friday,4,1,14
28,13,17,Friday,4,1,15
28,13,18,Friday,4,1,15
28,13,19,Friday,4,1,15
28,13,20,Friday,4,1,16
28,13,21,Friday,4,1,17
28,13,22,Friday,4,1,18
28,13,23,Friday,4,1,17
28,13,24,Friday,4,1,17
28,13,25,Friday,4,1,19
28,13,26,Friday,4,1,16
28,13,27,Friday,4,1,18
28,13,28,Friday,4,1,18
28,13,29,Friday,4,1,16
28,13,30,Friday,4,1,15
28,13,31,Friday,4,1,17
28,13,32,Friday,4,1,20
28,13,33,Friday,4,1,21
28,13,34,Friday,4,1,22
28,13,35,Friday,4,1,20
28,13,36,Friday,4,1,18
28,13,37,Friday,4,1,18
28,13,38,Friday,4,1,17
28,13,39,Friday,4,1,18
28,13,40,Friday,4,1,19
28,13,41,Friday,4,1,19
28,13,42,Friday,4,1,17
28,13,43,Friday,4,1,16
28,13,44,Friday,4,1,18
28,13,45,Friday,4,0,18
28,13,46,Friday,4,0,21
28,13,47,Friday,4,0,20
28,13,48,Friday,4,0,19
28,13,49,Friday,4,0,18
28,13,50,Friday,4,0,26
28,13,51,Friday,4,0,23
28,13,52,Friday,4,0,25
28,13,53,Friday,4,0,23
28,13,54,Friday,4,0,19
28,13,55,Friday,4,0,17
28,13,56,Friday,4,0,18
28,13,57,Friday,4,0,19
28,13,58,Friday,4,0,18
28,13,59,Friday,4,0,15
28,14,0,Friday,4,0,16
28,14,1,Friday,4,0,17
28,14,2,Friday,4,0,18
28,14,3,Friday,4,0,20
28,14,4,Friday,4,0,20
28,14,5,Friday,4,0,24
28,14,6,Friday,4,0,26
28,14,7,Friday,4,0,25
28,14,8,Friday,4,0,25
28,14,9,Friday,4,0,25
28,14,10,Friday,4,0,25
28,14,11,Friday,4,0,27
28,14,12,Friday,4,0,22
28,14,13,Friday,4,0,22
28,14,14,Friday,4,0,20
28,14,15,Friday,4,0,17
28,14,16,Friday,4,0,13
28,14,17,Friday,4,0,18
28,14,18,Friday,4,0,26
28,14,19,Friday,4,0,28
28,14,20,Friday,4,0,28
28,14,21,Friday,4,0,25
28,14,22,Friday,4,0,25
28,14,23,Friday,4,0,28
28,14,24,Friday,4,0,26
28,14,25,Friday,4,0,20
28,14,26,Friday,4,0,26
28,14,27,Friday,4,0,23
28,14,28,Friday,4,0,25
28,14,29,Friday,4,0,27
28,14,30,Friday,4,0,30
28,14,31,Friday,4,0,29
28,14,32,Friday,4,0,27
28,14,33,Friday,4,0,27
28,14,34,Friday,4,0,29
28,14,35,Friday,4,0,32
28,14,36,Friday,4,1,25
28,14,37,Friday,4,1,21
28,14,38,Friday,4,1,20
28,14,39,Friday,4,1,19
28,14,40,Friday,4,1,17
28,14,41,Friday,4,1,14
28,14,42,Friday,4,1,15
28,14,43,Friday,4,1,14
28,14,44,Friday,4,1,13
28,14,45,Friday,4,1,17
28,14,46,Friday,4,1,15
28,14,47,Friday,4,1,17
28,14,48,Friday,4,1,15
28,14,49,Friday,4,1,12
28,14,50,Friday,4,1,14
28,14,51,Friday,4,1,11
28,14,52,Friday,4,1,13
28,14,53,Friday,4,1,14
28,14,54,Friday,4,1,15
28,14,55,Friday,4,1,18
28,14,56,Friday,4,1,16
28,14,57,Friday,4,1,18
28,14,58,Friday,4,1,18
28,14,59,Friday,4,1,15
28,15,0,Friday,4,1,15
28,15,1,Friday,4,1,14
28,15,2,Friday,4,1,14
28,15,3,Friday,4,1,15
28,15,4,Friday,4,1,16
28,15,5,Friday,4,1,13
28,15,6,Friday,4,1,17
28,15,7,Friday,4,1,17
28,15,8,Friday,4,1,16
28,15,9,Friday,4,1,15
28,15,10,Friday,4,1,19
28,15,11,Friday,4,1,19
28,15,12,Friday,4,1,19
28,15,13,Friday,4,1,18
28,15,14,Friday,4,1,21
28,15,15,Friday,4,0,18
28,15,16,Friday,4,0,20
28,15,17,Friday,4,0,17
28,15,18,Friday,4,0,21
28,15,19,Friday,4,0,26
28,15,20,Friday,4,0,23
28,15,21,Friday,4,1,22
28,15,22,Friday,4,1,21
28,15,23,Friday,4,1,20
28,15,24,Friday,4,1,16
28,15,25,Friday,4,1,18
28,15,26,Friday,4,1,14
28,15,27,Friday,4,1,17
28,15,28,Friday,4,1,18
28,15,29,Friday,4,1,19
28,15,30,Friday,4,1,20
28,15,31,Friday,4,1,22
28,15,32,Friday,4,1,21
28,15,33,Friday,4,1,22
28,15,34,Friday,4,1,20
28,15,35,Friday,4,1,15
28,15,36,Friday,4,1,17
28,15,37,Friday,4,1,18
28,15,38,Friday,4,1,17
28,15,39,Friday,4,1,12
28,15,40,Friday,4,1,13
28,15,41,Friday,4,1,13
28,15,42,Friday,4,1,14
28,15,43,Friday,4,1,16
28,15,44,Friday,4,1,18
28,15,45,Friday,4,1,19
28,15,46,Friday,4,1,17
28,15,47,Friday,4,1,14
28,15,48,Friday,4,1,15
28,15,49,Friday,4,1,18
28,15,50,Friday,4,1,21
28,15,51,Friday,4,1,22
28,15,52,Friday,4,1,22
28,15,53,Friday,4,1,21
28,15,54,Friday,4,1,18
28,15,55,Friday,4,1,13
28,15,56,Friday,4,1,14
28,15,57,Friday,4,1,12
28,15,58,Friday,4,1,13
28,15,59,Friday,4,1,16
28,16,0,Friday,4,0,18
28,16,1,Friday,4,0,18
28,16,2,Friday,4,0,20
28,16,3,Friday,4,0,18
28,16,4,Friday,4,0,24
28,16,5,Friday,4,0,23
28,16,6,Friday,4,0,23
28,16,7,Friday,4,0,27
28,16,8,Friday,4,0,21
28,16,9,Friday,4,0,19
28,16,10,Friday,4,0,21
28,16,11,Friday,4,1,26
28,16,12,Friday,4,1,30
28,16,13,Friday,4,1,30
28,16,14,Friday,4,1,31
28,16,15,Friday,4,1,29
28,16,16,Friday,4,1,31
28,16,17,Friday,4,1,29
28,16,18,Friday,4,1,26
28,16,19,Friday,4,1,28
28,16,20,Friday,4,1,25
28,16,21,Friday,4,1,26
28,16,22,Friday,4,1,27
28,16,23,Friday,4,1,24
28,16,24,Friday,4,1,26
28,16,25,Friday,4,1,24
28,16,26,Friday,4,1,29
28,16,27,Friday,4,1,26
28,16,28,Friday,4,1,30
28,16,29,Friday,4,1,29
28,16,30,Friday,4,1,25
28,16,31,Friday,4,1,24
28,16,32,Friday,4,1,22
28,16,33,Friday,4,1,24
28,16,34,Friday,4,1,22
28,16,35,Friday,4,1,19
28,16,36,Friday,4,1,21
28,16,37,Friday,4,1,17
28,16,38,Friday,4,1,17
28,16,39,Friday,4,1,18
28,16,40,Friday,4,1,22
28,16,41,Friday,4,1,29
28,16,42,Friday,4,1,30
28,16,43,Friday,4,1,33
28,16,44,Friday,4,1,22
28,16,45,Friday,4,1,25
28,16,46,Friday,4,1,28
28,16,47,Friday,4,1,19
28,16,48,Friday,4,1,20
28,16,49,Friday,4,1,21
28,16,50,Friday,4,0,20
28,16,51,Friday,4,0,27
28,16,52,Friday,4,0,25
28,16,53,Friday,4,0,26
28,16,54,Friday,4,0,28
28,16,55,Friday,4,0,23
28,16,56,Friday,4,1,28
28,16,57,Friday,4,1,27
28,16,58,Friday,4,1,30
28,16,59,Friday,4,1,29
28,17,1,Friday,4,1,31
28,17,2,Friday,4,1,28
28,17,3,Friday,4,1,29
28,17,4,Friday,4,1,28
28,17,5,Friday,4,1,27
28,17,6,Friday,4,1,21
28,17,7,Friday,4,1,20
28,17,8,Friday,4,1,24
28,17,9,Friday,4,1,25
28,17,10,Friday,4,1,22
28,17,11,Friday,4,1,24
28,17,12,Friday,4,1,25
28,17,13,Friday,4,1,25
28,17,14,Friday,4,1,28
28,17,15,Friday,4,1,26
28,17,16,Friday,4,1,27
28,17,17,Friday,4,1,28
28,17,18,Friday,4,1,31
28,17,19,Friday,4,1,28
28,17,20,Friday,4,1,29
28,17,21,Friday,4,1,28
28,17,22,Friday,4,1,29
28,17,23,Friday,4,1,28
28,17,24,Friday,4,1,27
28,17,25,Friday,4,1,27
28,17,26,Friday,4,1,27
28,17,27,Friday,4,1,24
28,17,28,Friday,4,1,24
28,17,29,Friday,4,1,24
28,17,30,Friday,4,1,25
28,17,31,Friday,4,1,29
28,17,32,Friday,4,1,29
28,17,33,Friday,4,1,26
28,17,34,Friday,4,1,24
28,17,35,Friday,4,0,27
28,17,36,Friday,4,0,29
28,17,37,Friday,4,0,30
28,17,38,Friday,4,0,24
28,17,39,Friday,4,0,25
28,17,40,Friday,4,0,31
28,17,41,Friday,4,0,29
28,17,42,Friday,4,0,31
28,17,43,Friday,4,0,30
28,17,44,Friday,4,0,28
28,17,45,Friday,4,0,27
28,17,46,Friday,4,0,25
28,17,47,Friday,4,0,24
28,17,48,Friday,4,0,26
28,17,49,Friday,4,0,29
28,17,50,Friday,4,0,28
28,17,51,Friday,4,0,32
28,17,52,Friday,4,0,35
28,17,53,Friday,4,0,30
28,17,54,Friday,4,0,31
28,17,55,Friday,4,0,30
28,17,56,Friday,4,0,28
28,17,57,Friday,4,0,29
28,17,58,Friday,4,0,31
28,17,59,Friday,4,0,25
28,18,0,Friday,4,0,27
28,18,1,Friday,4,0,28
28,18,2,Friday,4,0,29
28,18,3,Friday,4,0,31
28,18,4,Friday,4,0,29
28,18,5,Friday,4,0,28
28,18,6,Friday,4,0,26
28,18,7,Friday,4,0,24
28,18,8,Friday,4,0,28
28,18,9,Friday,4,0,25
28,18,10,Friday,4,0,30
28,18,11,Friday,4,0,24
28,18,12,Friday,4,0,24
28,18,13,Friday,4,0,23
28,18,14,Friday,4,0,28
28,18,15,Friday,4,0,26
28,18,16,Friday,4,0,26
28,18,17,Friday,4,0,21
28,18,18,Friday,4,0,24
28,18,19,Friday,4,0,26
28,18,20,Friday,4,0,30
28,18,21,Friday,4,0,29
28,18,22,Friday,4,0,28
28,18,23,Friday,4,0,30
28,18,24,Friday,4,0,29
28,18,25,Friday,4,0,31
28,18,26,Friday,4,0,31
28,18,27,Friday,4,0,30
28,18,28,Friday,4,0,29
28,18,29,Friday,4,0,28
28,18,30,Friday,4,0,29
28,18,31,Friday,4,0,28
28,18,32,Friday,4,0,27
28,18,33,Friday,4,0,27
28,18,34,Friday,4,0,24
28,18,35,Friday,4,0,26
28,18,36,Friday,4,0,27
28,18,37,Friday,4,0,30
28,18,38,Friday,4,0,25
28,18,39,Friday,4,0,32
28,18,40,Friday,4,0,29
28,18,41,Friday,4,0,29
28,18,42,Friday,4,0,26
28,18,43,Friday,4,0,28
28,18,44,Friday,4,0,25
28,18,45,Friday,4,0,26
28,18,46,Friday,4,0,27
28,18,47,Friday,4,0,24
28,18,48,Friday,4,0,25
28,18,49,Friday,4,0,26
28,18,50,Friday,4,0,27
28,18,51,Friday,4,0,28
28,18,52,Friday,4,0,25
28,18,53,Friday,4,0,25
28,18,54,Friday,4,0,26
28,18,55,Friday,4,0,29
28,18,56,Friday,4,0,34
28,18,57,Friday,4,0,34
28,18,58,Friday,4,0,34
28,18,59,Friday,4,0,32
28,19,0,Friday,4,0,33
28,19,1,Friday,4,0,32
28,19,2,Friday,4,0,31
28,19,3,Friday,4,0,28
28,19,4,Friday,4,0,31
28,19,5,Friday,4,0,32
28,19,6,Friday,4,0,32
28,19,7,Friday,4,0,35
28,19,8,Friday,4,0,31
28,19,9,Friday,4,0,33
28,19,10,Friday,4,0,35
28,19,11,Friday,4,0,40
28,19,12,Friday,4,0,36
28,19,13,Friday,4,0,35
28,19,14,Friday,4,0,33
28,19,15,Friday,4,0,35
28,19,16,Friday,4,0,36
28,19,17,Friday,4,0,37
28,19,18,Friday,4,0,41
28,19,19,Friday,4,0,41
28,19,20,Friday,4,0,38
28,19,21,Friday,4,0,37
28,19,22,Friday,4,0,36
28,19,23,Friday,4,0,32
28,19,24,Friday,4,0,34
28,19,25,Friday,4,0,38
28,19,26,Friday,4,0,42
28,19,27,Friday,4,0,40
28,19,28,Friday,4,0,33
28,19,29,Friday,4,0,37
28,19,30,Friday,4,0,36
28,19,31,Friday,4,0,43
28,19,32,Friday,4,0,37
28,19,33,Friday,4,0,41
28,19,34,Friday,4,0,37
28,19,35,Friday,4,0,34
28,19,36,Friday,4,0,32
28,19,37,Friday,4,0,37
28,19,38,Friday,4,0,37
28,19,39,Friday,4,0,41
28,19,40,Friday,4,0,44
28,19,41,Friday,4,0,46
28,19,42,Friday,4,0,43
28,19,43,Friday,4,0,47
28,19,44,Friday,4,0,42
28,19,45,Friday,4,0,42
28,19,46,Friday,4,0,38
28,19,47,Friday,4,0,34
28,19,48,Friday,4,0,31
28,19,49,Friday,4,0,34
28,19,50,Friday,4,0,33
28,19,51,Friday,4,0,37
28,19,52,Friday,4,0,38
28,19,53,Friday,4,0,37
28,19,54,Friday,4,0,36
28,19,55,Friday,4,0,41
28,19,56,Friday,4,0,41
28,19,57,Friday,4,0,39
28,19,58,Friday,4,0,39
28,19,59,Friday,4,0,43
28,20,0,Friday,4,0,36
28,20,1,Friday,4,0,34
28,20,2,Friday,4,0,36
28,20,3,Friday,4,0,38
28,20,4,Friday,4,0,36
28,20,5,Friday,4,0,37
28,20,6,Friday,4,0,34
28,20,7,Friday,4,0,35
28,20,8,Friday,4,0,33
28,20,9,Friday,4,0,33
28,20,10,Friday,4,0,35
28,20,11,Friday,4,0,39
28,20,12,Friday,4,0,41
28,20,13,Friday,4,0,43
28,20,14,Friday,4,0,40
28,20,15,Friday,4,0,39
28,20,16,Friday,4,0,35
28,20,17,Friday,4,0,34
28,20,18,Friday,4,0,30
28,20,19,Friday,4,0,27
28,20,20,Friday,4,0,30
28,20,21,Friday,4,0,32
28,20,22,Friday,4,0,33
28,20,23,Friday,4,0,36
28,20,24,Friday,4,0,35
28,20,25,Friday,4,0,33
28,20,26,Friday,4,0,30
28,20,27,Friday,4,0,30
28,20,28,Friday,4,0,28
28,20,29,Friday,4,0,30
28,20,30,Friday,4,0,34
28,20,31,Friday,4,0,35
28,20,32,Friday,4,0,34
28,20,33,Friday,4,0,31
28,20,34,Friday,4,0,31
28,20,35,Friday,4,0,32
28,20,36,Friday,4,0,35
28,20,37,Friday,4,0,31
28,20,38,Friday,4,0,31
28,20,39,Friday,4,0,30
28,20,40,Friday,4,0,26
28,20,41,Friday,4,0,29
28,20,42,Friday,4,0,34
28,20,43,Friday,4,0,38
28,20,44,Friday,4,0,40
28,20,45,Friday,4,0,38
28,20,46,Friday,4,0,36
28,20,47,Friday,4,0,34
28,20,48,Friday,4,0,31
28,20,49,Friday,4,0,30
28,20,50,Friday,4,0,31
28,20,51,Friday,4,0,30
28,20,52,Friday,4,0,30
28,20,53,Friday,4,0,34
28,20,54,Friday,4,0,33
28,20,55,Friday,4,0,34
28,20,56,Friday,4,0,32
28,20,57,Friday,4,0,32
28,20,58,Friday,4,0,35
28,20,59,Friday,4,0,35
28,21,0,Friday,4,0,32
28,21,1,Friday,4,0,33
28,21,2,Friday,4,0,36
28,21,3,Friday,4,0,37
28,21,4,Friday,4,0,35
28,21,5,Friday,4,0,36
28,21,6,Friday,4,0,36
28,21,7,Friday,4,0,43
28,21,8,Friday,4,0,43
28,21,9,Friday,4,0,44
28,21,10,Friday,4,0,43
28,21,11,Friday,4,0,48
28,21,12,Friday,4,0,48
28,21,13,Friday,4,0,50
28,21,14,Friday,4,0,50
28,21,15,Friday,4,0,49
28,21,16,Friday,4,0,50
28,21,17,Friday,4,0,52
28,21,18,Friday,4,0,52
28,21,19,Friday,4,0,55
28,21,20,Friday,4,0,52
28,21,21,Friday,4,0,49
28,21,22,Friday,4,0,48
28,21,23,Friday,4,0,46
28,21,24,Friday,4,0,41
28,21,25,Friday,4,0,44
28,21,26,Friday,4,0,46
28,21,27,Friday,4,0,48
28,21,28,Friday,4,0,45
28,21,29,Friday,4,0,45
28,21,30,Friday,4,0,43
28,21,31,Friday,4,0,40
28,21,32,Friday,4,0,44
28,21,33,Friday,4,0,44
28,21,34,Friday,4,0,43
28,21,35,Friday,4,0,43
28,21,36,Friday,4,0,45
28,21,37,Friday,4,0,46
28,21,38,Friday,4,0,41
28,21,39,Friday,4,0,41
28,21,40,Friday,4,0,46
28,21,41,Friday,4,0,39
28,21,42,Friday,4,0,38
28,21,43,Friday,4,0,41
28,21,44,Friday,4,0,40
28,21,45,Friday,4,0,41
28,21,46,Friday,4,0,38
28,21,47,Friday,4,0,42
28,21,48,Friday,4,0,43
28,21,49,Friday,4,0,42
28,21,50,Friday,4,0,46
28,21,51,Friday,4,0,47
28,21,52,Friday,4,0,47
28,21,53,Friday,4,0,52
28,21,54,Friday,4,0,50
28,21,55,Friday,4,0,52
28,21,56,Friday,4,0,54
28,21,57,Friday,4,0,54
28,21,58,Friday,4,0,48
28,21,59,Friday,4,0,44
28,22,0,Friday,4,0,46
28,22,1,Friday,4,0,51
28,22,2,Friday,4,0,52
28,22,3,Friday,4,0,54
28,22,4,Friday,4,0,56
28,22,5,Friday,4,0,55
28,22,6,Friday,4,0,59
28,22,7,Friday,4,0,58
28,22,8,Friday,4,0,58
28,22,9,Friday,4,0,52
28,22,10,Friday,4,0,52
28,22,11,Friday,4,0,51
28,22,12,Friday,4,0,53
28,22,13,Friday,4,0,57
28,22,14,Friday,4,0,55
28,22,15,Friday,4,0,58
28,22,16,Friday,4,0,63
28,22,17,Friday,4,0,56
28,22,18,Friday,4,0,57
28,22,19,Friday,4,0,54
28,22,20,Friday,4,0,44
28,22,21,Friday,4,0,45
28,22,22,Friday,4,0,46
28,22,23,Friday,4,0,44
28,22,24,Friday,4,0,40
28,22,25,Friday,4,0,45
28,22,26,Friday,4,0,44
28,22,27,Friday,4,0,36
28,22,28,Friday,4,0,34
28,22,29,Friday,4,0,40
28,22,30,Friday,4,0,41
28,22,31,Friday,4,0,40
28,22,32,Friday,4,0,44
28,22,33,Friday,4,0,45
28,22,34,Friday,4,0,47
28,22,35,Friday,4,0,43
28,22,36,Friday,4,0,45
28,22,37,Friday,4,0,44
28,22,38,Friday,4,0,47
28,22,39,Friday,4,0,43
28,22,40,Friday,4,0,45
28,22,41,Friday,4,0,46
28,22,42,Friday,4,0,44
28,22,43,Friday,4,0,43
28,22,44,Friday,4,0,43
28,22,45,Friday,4,0,47
28,22,46,Friday,4,0,48
28,22,47,Friday,4,0,50
28,22,48,Friday,4,0,50
28,22,49,Friday,4,0,47
28,22,50,Friday,4,0,45
28,22,51,Friday,4,0,41
28,22,52,Friday,4,0,37
28,22,53,Friday,4,0,35
28,22,54,Friday,4,0,40
28,22,55,Friday,4,0,38
28,22,56,Friday,4,0,39
28,22,57,Friday,4,0,41
28,22,58,Friday,4,0,41
28,22,59,Friday,4,0,41
28,23,0,Friday,4,0,37
28,23,1,Friday,4,0,33
28,23,2,Friday,4,0,34
28,23,3,Friday,4,0,38
28,23,4,Friday,4,0,36
28,23,5,Friday,4,0,36
28,23,6,Friday,4,0,36
28,23,7,Friday,4,0,35
28,23,8,Friday,4,0,34
28,23,9,Friday,4,0,36
28,23,10,Friday,4,0,31
28,23,11,Friday,4,0,33
28,23,12,Friday,4,0,32
28,23,13,Friday,4,0,30
28,23,14,Friday,4,0,30
28,23,15,Friday,4,0,27
28,23,16,Friday,4,0,28
28,23,17,Friday,4,0,32
28,23,18,Friday,4,0,33
28,23,19,Friday,4,0,36
28,23,20,Friday,4,0,34
28,23,21,Friday,4,0,35
28,23,22,Friday,4,0,35
28,23,23,Friday,4,0,37
28,23,24,Friday,4,0,38
28,23,25,Friday,4,0,38
28,23,26,Friday,4,0,39
28,23,27,Friday,4,0,36
28,23,28,Friday,4,0,34
28,23,29,Friday,4,0,33
28,23,30,Friday,4,0,32
28,23,31,Friday,4,0,31
28,23,32,Friday,4,0,34
28,23,33,Friday,4,0,30
28,23,34,Friday,4,0,30
28,23,35,Friday,4,0,31
28,23,36,Friday,4,0,31
28,23,37,Friday,4,0,29
28,23,38,Friday,4,0,32
28,23,39,Friday,4,0,30
28,23,40,Friday,4,0,36
28,23,41,Friday,4,0,34
28,23,42,Friday,4,0,36
28,23,43,Friday,4,0,34
28,23,44,Friday,4,0,34
28,23,45,Friday,4,0,34
28,23,46,Friday,4,0,33
28,23,47,Friday,4,0,31
28,23,48,Friday,4,0,34
28,23,49,Friday,4,0,32
28,23,50,Friday,4,0,28
28,23,51,Friday,4,0,27
28,23,52,Friday,4,0,25
28,23,53,Friday,4,0,25
28,23,54,Friday,4,0,22
28,23,55,Friday,4,0,24
28,23,56,Friday,4,0,25
28,23,57,Friday,4,0,25
28,23,58,Friday,4,0,25
28,23,59,Friday,4,0,23
29,0,0,Saturday,5,0,20
29,0,1,Saturday,5,0,19
29,0,2,Saturday,5,0,20
29,0,3,Saturday,5,0,19
29,0,4,Saturday,5,0,27
29,0,5,Saturday,5,0,27
29,0,6,Saturday,5,0,28
29,0,7,Saturday,5,0,28
29,0,8,Saturday,5,0,29
29,0,9,Saturday,5,0,26
29,0,10,Saturday,5,0,27
29,0,11,Saturday,5,0,27
29,0,12,Saturday,5,0,27
29,0,13,Saturday,5,0,24
29,0,14,Saturday,5,0,23
29,0,15,Saturday,5,0,25
29,0,16,Saturday,5,0,23
29,0,17,Saturday,5,0,24
29,0,18,Saturday,5,0,25
29,0,19,Saturday,5,0,23
29,0,20,Saturday,5,0,24
29,0,21,Saturday,5,0,24
29,0,22,Saturday,5,0,27
29,0,23,Saturday,5,0,24
29,0,24,Saturday,5,0,24
29,0,25,Saturday,5,0,24
29,0,26,Saturday,5,0,28
29,0,27,Saturday,5,0,27
29,0,28,Saturday,5,0,27
29,0,29,Saturday,5,0,26
29,0,30,Saturday,5,0,24
29,0,31,Saturday,5,0,22
29,0,32,Saturday,5,0,18
29,0,33,Saturday,5,0,19
29,0,34,Saturday,5,0,20
29,0,35,Saturday,5,0,20
29,0,36,Saturday,5,0,20
29,0,37,Saturday,5,0,22
29,0,38,Saturday,5,0,19
29,0,39,Saturday,5,0,19
29,0,40,Saturday,5,0,19
29,0,41,Saturday,5,0,14
29,0,42,Saturday,5,0,18
29,0,43,Saturday,5,0,19
29,0,44,Saturday,5,0,18
29,0,45,Saturday,5,0,16
29,0,46,Saturday,5,0,16
29,0,47,Saturday,5,0,17
29,0,48,Saturday,5,0,17
29,0,49,Saturday,5,0,14
29,0,50,Saturday,5,0,16
29,0,51,Saturday,5,0,18
29,0,52,Saturday,5,0,19
29,0,53,Saturday,5,0,17
29,0,54,Saturday,5,0,16
29,0,55,Saturday,5,0,19
29,0,56,Saturday,5,0,18
29,0,57,Saturday,5,0,13
29,0,58,Saturday,5,0,16
29,0,59,Saturday,5,0,16
29,1,0,Saturday,5,0,14
29,1,1,Saturday,5,0,14
29,1,2,Saturday,5,0,13
29,1,3,Saturday,5,0,14
29,1,4,Saturday,5,0,14
29,1,5,Saturday,5,0,15
29,1,6,Saturday,5,0,14
29,1,7,Saturday,5,0,14
29,1,8,Saturday,5,0,14
29,1,9,Saturday,5,0,14
29,1,10,Saturday,5,0,14
29,1,11,Saturday,5,0,15
29,1,12,Saturday,5,0,18
29,1,13,Saturday,5,0,16
29,1,14,Saturday,5,0,15
29,1,15,Saturday,5,0,14
29,1,16,Saturday,5,0,15
29,1,17,Saturday,5,0,13
29,1,18,Saturday,5,0,14
29,1,19,Saturday,5,0,15
29,1,20,Saturday,5,0,15
29,1,21,Saturday,5,0,15
29,1,22,Saturday,5,0,14
29,1,23,Saturday,5,0,14
29,1,24,Saturday,5,0,12
29,1,25,Saturday,5,0,13
29,1,26,Saturday,5,0,9
29,1,27,Saturday,5,0,11
29,1,28,Saturday,5,0,12
29,1,29,Saturday,5,0,12
29,1,30,Saturday,5,0,9
29,1,31,Saturday,5,0,10
29,1,32,Saturday,5,0,10
29,1,33,Saturday,5,0,9
29,1,34,Saturday,5,0,8
29,1,35,Saturday,5,0,8
29,1,36,Saturday,5,0,8
29,1,37,Saturday,5,0,8
29,1,38,Saturday,5,0,7
29,1,39,Saturday,5,0,8
29,1,40,Saturday,5,0,8
29,1,41,Saturday,5,0,6
29,1,42,Saturday,5,0,6
29,1,43,Saturday,5,0,5
29,1,44,Saturday,5,0,5
29,1,45,Saturday,5,0,5
29,1,46,Saturday,5,0,5
29,1,47,Saturday,5,0,5
29,1,48,Saturday,5,0,6
29,1,49,Saturday,5,0,5
29,1,50,Saturday,5,0,6
29,1,51,Saturday,5,0,6
29,1,52,Saturday,5,0,5
29,1,53,Saturday,5,0,6
29,1,54,Saturday,5,0,5
29,1,55,Saturday,5,0,3
29,1,56,Saturday,5,0,2
29,1,57,Saturday,5,0,4
29,1,58,Saturday,5,0,4
29,1,59,Saturday,5,0,4
29,2,0,Saturday,5,0,4
29,2,1,Saturday,5,0,5
29,2,2,Saturday,5,0,4
29,2,3,Saturday,5,0,4
29,2,4,Saturday,5,0,4
29,2,5,Saturday,5,0,5
29,2,6,Saturday,5,0,8
29,2,7,Saturday,5,0,7
29,2,8,Saturday,5,0,5
29,2,9,Saturday,5,0,7
29,2,10,Saturday,5,0,7
29,2,11,Saturday,5,0,5
29,2,12,Saturday,5,0,7
29,2,13,Saturday,5,0,7
29,2,14,Saturday,5,0,7
29,2,15,Saturday,5,0,8
29,2,16,Saturday,5,0,9
29,2,17,Saturday,5,0,8
29,2,18,Saturday,5,0,9
29,2,19,Saturday,5,0,9
29,2,20,Saturday,5,0,10
29,2,21,Saturday,5,0,10
29,2,22,Saturday,5,0,8
29,2,23,Saturday,5,0,6
29,2,24,Saturday,5,0,5
29,2,25,Saturday,5,0,5
29,2,26,Saturday,5,0,5
29,2,27,Saturday,5,0,6
29,2,28,Saturday,5,0,6
29,2,29,Saturday,5,0,7
29,2,30,Saturday,5,0,6
29,2,31,Saturday,5,0,5
29,2,32,Saturday,5,0,4
29,2,33,Saturday,5,0,4
29,2,34,Saturday,5,0,2
29,2,35,Saturday,5,0,2
29,2,36,Saturday,5,0,5
29,2,37,Saturday,5,0,5
29,2,38,Saturday,5,0,4
29,2,39,Saturday,5,0,4
29,2,40,Saturday,5,0,4
29,2,41,Saturday,5,0,3
29,2,42,Saturday,5,0,3
29,2,43,Saturday,5,0,5
29,2,44,Saturday,5,0,3
29,2,45,Saturday,5,0,2
29,2,46,Saturday,5,0,2
29,2,47,Saturday,5,0,2
29,2,48,Saturday,5,0,2
29,2,49,Saturday,5,0,1
29,2,50,Saturday,5,0,1
29,2,51,Saturday,5,0,1
29,2,52,Saturday,5,0,1
29,2,53,Saturday,5,0,1
29,2,54,Saturday,5,0,1
29,2,55,Saturday,5,0,3
29,2,56,Saturday,5,0,3
29,2,57,Saturday,5,0,3
29,2,58,Saturday,5,0,3
29,2,59,Saturday,5,0,3
29,3,0,Saturday,5,0,2
29,3,1,Saturday,5,0,2
29,3,2,Saturday,5,0,2
29,3,3,Saturday,5,0,3
29,3,4,Saturday,5,0,3
29,3,5,Saturday,5,0,4
29,3,6,Saturday,5,0,4
29,3,7,Saturday,5,0,3
29,3,8,Saturday,5,0,2
29,3,9,Saturday,5,0,2
29,3,10,Saturday,5,0,2
29,3,11,Saturday,5,0,1
29,3,12,Saturday,5,0,1
29,3,13,Saturday,5,0,1
29,3,14,Saturday,5,0,1
29,3,15,Saturday,5,0,1
29,3,16,Saturday,5,0,1
29,3,17,Saturday,5,0,1
29,3,18,Saturday,5,0,0
29,3,19,Saturday,5,0,0
29,3,20,Saturday,5,0,0
29,3,21,Saturday,5,0,0
29,3,22,Saturday,5,0,0
29,3,23,Saturday,5,0,0
29,3,24,Saturday,5,0,0
29,3,25,Saturday,5,0,0
29,3,26,Saturday,5,0,0
29,3,27,Saturday,5,0,0
29,3,28,Saturday,5,0,0
29,3,29,Saturday,5,0,0
29,3,30,Saturday,5,0,0
29,3,32,Saturday,5,0,0
29,3,33,Saturday,5,0,0
29,3,34,Saturday,5,0,0
29,3,35,Saturday,5,0,0
29,3,36,Saturday,5,0,0
29,3,37,Saturday,5,0,0
29,3,38,Saturday,5,0,0
29,3,39,Saturday,5,0,0
29,3,40,Saturday,5,0,0
29,3,41,Saturday,5,0,0
29,3,42,Saturday,5,0,0
29,3,43,Saturday,5,0,0
29,3,44,Saturday,5,0,0
29,3,45,Saturday,5,0,1
29,3,46,Saturday,5,0,1
29,3,47,Saturday,5,0,1
29,3,48,Saturday,5,0,1
29,3,49,Saturday,5,0,1
29,3,50,Saturday,5,0,1
29,3,51,Saturday,5,0,1
29,3,52,Saturday,5,0,1
29,3,53,Saturday,5,0,1
29,3,54,Saturday,5,0,1
29,3,55,Saturday,5,0,1
29,3,56,Saturday,5,0,1
29,3,57,Saturday,5,0,2
29,3,58,Saturday,5,0,0
29,3,59,Saturday,5,0,0
29,4,0,Saturday,5,0,0
29,4,1,Saturday,5,0,1
29,4,2,Saturday,5,0,1
29,4,3,Saturday,5,0,1
29,4,4,Saturday,5,0,1
29,4,5,Saturday,5,0,1
29,4,6,Saturday,5,0,0
29,4,7,Saturday,5,0,0
29,4,8,Saturday,5,0,1
29,4,9,Saturday,5,0,1
29,4,10,Saturday,5,0,1
29,4,11,Saturday,5,0,1
29,4,12,Saturday,5,0,1
29,4,13,Saturday,5,0,0
29,4,14,Saturday,5,0,0
29,4,15,Saturday,5,0,0
29,4,16,Saturday,5,0,0
29,4,17,Saturday,5,0,0
29,4,18,Saturday,5,0,0
29,4,19,Saturday,5,0,0
29,4,20,Saturday,5,0,0
29,4,21,Saturday,5,0,0
29,4,22,Saturday,5,0,0
29,4,23,Saturday,5,0,0
29,4,24,Saturday,5,0,0
29,4,25,Saturday,5,0,0
29,4,26,Saturday,5,0,0
29,4,27,Saturday,5,0,0
29,4,28,Saturday,5,0,0
29,4,29,Saturday,5,0,0
29,4,30,Saturday,5,0,0
29,4,31,Saturday,5,0,0
29,4,32,Saturday,5,0,0
29,4,33,Saturday,5,0,0
29,4,34,Saturday,5,0,0
29,4,35,Saturday,5,0,0
29,4,36,Saturday,5,0,0
29,4,37,Saturday,5,0,0
29,4,38,Saturday,5,0,0
29,4,39,Saturday,5,0,0
29,4,40,Saturday,5,0,0
29,4,41,Saturday,5,0,1
29,4,42,Saturday,5,0,1
29,4,43,Saturday,5,0,1
29,4,44,Saturday,5,0,1
29,4,45,Saturday,5,0,1
29,4,46,Saturday,5,0,0
29,4,47,Saturday,5,0,0
29,4,48,Saturday,5,0,0
29,4,49,Saturday,5,0,0
29,4,50,Saturday,5,0,0
29,4,51,Saturday,5,0,0
29,4,52,Saturday,5,0,0
29,4,53,Saturday,5,0,0
29,4,54,Saturday,5,0,0
29,4,55,Saturday,5,0,0
29,4,56,Saturday,5,0,0
29,4,57,Saturday,5,0,0
29,4,58,Saturday,5,0,0
29,4,59,Saturday,5,0,0
29,5,0,Saturday,5,0,0
29,5,1,Saturday,5,0,1
29,5,2,Saturday,5,0,1
29,5,3,Saturday,5,0,1
29,5,4,Saturday,5,0,1
29,5,5,Saturday,5,0,1
29,5,6,Saturday,5,0,2
29,5,7,Saturday,5,0,2
29,5,8,Saturday,5,0,1
29,5,9,Saturday,5,0,2
29,5,10,Saturday,5,0,1
29,5,11,Saturday,5,0,1
29,5,12,Saturday,5,0,1
29,5,13,Saturday,5,0,1
29,5,14,Saturday,5,0,1
29,5,15,Saturday,5,0,1
29,5,16,Saturday,5,0,1
29,5,17,Saturday,5,0,1
29,5,18,Saturday,5,0,1
29,5,19,Saturday,5,0,1
29,5,20,Saturday,5,0,1
29,5,21,Saturday,5,0,1
29,5,22,Saturday,5,0,1
29,5,23,Saturday,5,0,1
29,5,24,Saturday,5,0,1
29,5,25,Saturday,5,0,1
29,5,26,Saturday,5,0,1
29,5,27,Saturday,5,0,1
29,5,28,Saturday,5,0,1
29,5,29,Saturday,5,0,2
29,5,30,Saturday,5,0,2
29,5,31,Saturday,5,0,1
29,5,32,Saturday,5,0,1
29,5,33,Saturday,5,0,1
29,5,34,Saturday,5,0,0
29,5,35,Saturday,5,0,0
29,5,36,Saturday,5,0,0
29,5,37,Saturday,5,0,0
29,5,38,Saturday,5,0,0
29,5,39,Saturday,5,0,0
29,5,40,Saturday,5,0,0
29,5,41,Saturday,5,0,0
29,5,42,Saturday,5,0,0
29,5,43,Saturday,5,0,0
29,5,44,Saturday,5,0,1
29,5,45,Saturday,5,0,1
29,5,46,Saturday,5,0,0
29,5,47,Saturday,5,0,0
29,5,48,Saturday,5,0,1
29,5,49,Saturday,5,0,1
29,5,50,Saturday,5,0,2
29,5,51,Saturday,5,0,2
29,5,52,Saturday,5,0,2
29,5,53,Saturday,5,0,2
29,5,54,Saturday,5,0,1
29,5,55,Saturday,5,0,1
29,5,56,Saturday,5,0,1
29,5,57,Saturday,5,0,1
29,5,58,Saturday,5,0,1
29,5,59,Saturday,5,0,0
29,6,0,Saturday,5,0,1
29,6,1,Saturday,5,0,1
29,6,2,Saturday,5,0,1
29,6,3,Saturday,5,0,1
29,6,4,Saturday,5,0,1
29,6,5,Saturday,5,0,1
29,6,6,Saturday,5,0,3
29,6,7,Saturday,5,0,3
29,6,8,Saturday,5,0,3
29,6,9,Saturday,5,0,3
29,6,10,Saturday,5,0,2
29,6,11,Saturday,5,0,0
29,6,12,Saturday,5,0,0
29,6,13,Saturday,5,0,0
29,6,14,Saturday,5,0,0
29,6,15,Saturday,5,0,0
29,6,16,Saturday,5,0,0
29,6,17,Saturday,5,0,0
29,6,18,Saturday,5,0,1
29,6,19,Saturday,5,0,1
29,6,20,Saturday,5,0,1
29,6,21,Saturday,5,0,1
29,6,22,Saturday,5,0,1
29,6,23,Saturday,5,0,1
29,6,24,Saturday,5,0,0
29,6,25,Saturday,5,0,0
29,6,26,Saturday,5,0,0
29,6,27,Saturday,5,0,0
29,6,28,Saturday,5,0,0
29,6,29,Saturday,5,0,0
29,6,30,Saturday,5,0,0
29,6,31,Saturday,5,0,0
29,6,32,Saturday,5,0,0
29,6,33,Saturday,5,0,0
29,6,34,Saturday,5,0,0
29,6,35,Saturday,5,0,0
29,6,36,Saturday,5,0,0
29,6,37,Saturday,5,0,0
29,6,38,Saturday,5,0,0
29,6,39,Saturday,5,0,0
29,6,40,Saturday,5,0,1
29,6,41,Saturday,5,0,1
29,6,42,Saturday,5,0,1
29,6,43,Saturday,5,0,2
29,6,44,Saturday,5,0,4
29,6,45,Saturday,5,0,4
29,6,46,Saturday,5,0,4
29,6,47,Saturday,5,0,4
29,6,48,Saturday,5,0,3
29,6,49,Saturday,5,0,2
29,6,50,Saturday,5,0,2
29,6,51,Saturday,5,0,2
29,6,52,Saturday,5,0,2
29,6,53,Saturday,5,0,2
29,6,54,Saturday,5,0,3
29,6,55,Saturday,5,0,4
29,6,56,Saturday,5,0,5
29,6,57,Saturday,5,0,5
29,6,58,Saturday,5,0,5
29,6,59,Saturday,5,0,3
29,7,0,Saturday,5,0,3
29,7,1,Saturday,5,0,6
29,7,2,Saturday,5,0,8
29,7,3,Saturday,5,0,8
29,7,4,Saturday,5,0,9
29,7,5,Saturday,5,0,9
29,7,6,Saturday,5,0,7
29,7,7,Saturday,5,0,7
29,7,8,Saturday,5,0,6
29,7,9,Saturday,5,0,3
29,7,10,Saturday,5,0,4
29,7,11,Saturday,5,0,3
29,7,12,Saturday,5,0,5
29,7,13,Saturday,5,0,5
29,7,14,Saturday,5,0,5
29,7,15,Saturday,5,0,6
29,7,16,Saturday,5,0,4
29,7,17,Saturday,5,0,4
29,7,18,Saturday,5,0,4
29,7,19,Saturday,5,0,3
29,7,20,Saturday,5,0,4
29,7,21,Saturday,5,0,4
29,7,22,Saturday,5,0,5
29,7,23,Saturday,5,0,5
29,7,24,Saturday,5,0,5
29,7,25,Saturday,5,0,7
29,7,26,Saturday,5,0,7
29,7,27,Saturday,5,0,8
29,7,28,Saturday,5,0,9
29,7,29,Saturday,5,0,9
29,7,30,Saturday,5,0,8
29,7,31,Saturday,5,0,9
29,7,32,Saturday,5,0,8
29,7,33,Saturday,5,0,7
29,7,34,Saturday,5,0,7
29,7,35,Saturday,5,0,6
29,7,36,Saturday,5,0,7
29,7,37,Saturday,5,0,7
29,7,38,Saturday,5,0,8
29,7,39,Saturday,5,0,10
29,7,40,Saturday,5,0,12
29,7,41,Saturday,5,0,12
29,7,42,Saturday,5,0,14
29,7,43,Saturday,5,0,15
29,7,44,Saturday,5,0,12
29,7,45,Saturday,5,0,12
29,7,46,Saturday,5,0,12
29,7,47,Saturday,5,0,9
29,7,48,Saturday,5,0,9
29,7,49,Saturday,5,0,10
29,7,50,Saturday,5,0,10
29,7,51,Saturday,5,0,11
29,7,52,Saturday,5,0,14
29,7,53,Saturday,5,0,15
29,7,54,Saturday,5,0,20
29,7,55,Saturday,5,0,14
29,7,56,Saturday,5,0,13
29,7,57,Saturday,5,0,11
29,7,58,Saturday,5,0,12
29,7,59,Saturday,5,0,12
29,8,0,Saturday,5,0,13
29,8,1,Saturday,5,0,17
29,8,2,Saturday,5,0,15
29,8,3,Saturday,5,0,15
29,8,4,Saturday,5,0,15
29,8,5,Saturday,5,0,13
29,8,6,Saturday,5,0,11
29,8,7,Saturday,5,0,14
29,8,8,Saturday,5,0,13
29,8,9,Saturday,5,0,16
29,8,10,Saturday,5,0,12
29,8,11,Saturday,5,0,12
29,8,12,Saturday,5,0,12
29,8,13,Saturday,5,0,14
29,8,14,Saturday,5,0,15
29,8,15,Saturday,5,0,15
29,8,16,Saturday,5,0,15
29,8,17,Saturday,5,0,15
29,8,18,Saturday,5,0,14
29,8,19,Saturday,5,0,11
29,8,20,Saturday,5,0,15
29,8,21,Saturday,5,0,15
29,8,22,Saturday,5,0,13
29,8,23,Saturday,5,0,14
29,8,24,Saturday,5,0,14
29,8,25,Saturday,5,0,13
29,8,26,Saturday,5,0,12
29,8,27,Saturday,5,0,14
29,8,28,Saturday,5,0,11
29,8,29,Saturday,5,0,13
29,8,30,Saturday,5,0,13
29,8,31,Saturday,5,0,14
29,8,32,Saturday,5,0,14
29,8,33,Saturday,5,0,17
29,8,34,Saturday,5,0,16
29,8,35,Saturday,5,0,17
29,8,36,Saturday,5,0,17
29,8,37,Saturday,5,0,13
29,8,38,Saturday,5,0,15
29,8,39,Saturday,5,0,11
29,8,40,Saturday,5,0,11
29,8,41,Saturday,5,0,14
29,8,42,Saturday,5,0,17
29,8,43,Saturday,5,0,17
29,8,44,Saturday,5,0,18
29,8,45,Saturday,5,0,19
29,8,46,Saturday,5,0,16
29,8,47,Saturday,5,0,15
29,8,48,Saturday,5,0,17
29,8,49,Saturday,5,0,17
29,8,50,Saturday,5,0,18
29,8,51,Saturday,5,0,22
29,8,52,Saturday,5,0,25
29,8,53,Saturday,5,0,28
29,8,54,Saturday,5,0,27
29,8,55,Saturday,5,0,25
29,8,56,Saturday,5,0,25
29,8,57,Saturday,5,0,23
29,8,58,Saturday,5,0,25
29,8,59,Saturday,5,0,19
29,9,0,Saturday,5,0,19
29,9,1,Saturday,5,1,19
29,9,2,Saturday,5,1,18
29,9,3,Saturday,5,1,12
29,9,4,Saturday,5,1,12
29,9,5,Saturday,5,1,12
29,9,6,Saturday,5,1,13
29,9,7,Saturday,5,1,14
29,9,8,Saturday,5,1,11
29,9,9,Saturday,5,1,9
29,9,10,Saturday,5,1,11
29,9,11,Saturday,5,1,14
29,9,12,Saturday,5,1,15
29,9,13,Saturday,5,1,14
29,9,14,Saturday,5,1,15
29,9,15,Saturday,5,1,16
29,9,16,Saturday,5,1,16
29,9,17,Saturday,5,1,16
29,9,18,Saturday,5,1,16
29,9,19,Saturday,5,1,13
29,9,20,Saturday,5,1,10
29,9,21,Saturday,5,1,10
29,9,22,Saturday,5,1,11
29,9,23,Saturday,5,1,11
29,9,24,Saturday,5,1,12
29,9,25,Saturday,5,1,12
29,9,26,Saturday,5,1,11
29,9,27,Saturday,5,1,9
29,9,28,Saturday,5,1,9
29,9,29,Saturday,5,1,10
29,9,30,Saturday,5,1,12
29,9,31,Saturday,5,1,11
29,9,32,Saturday,5,1,14
29,9,33,Saturday,5,1,14
29,9,34,Saturday,5,1,11
29,9,35,Saturday,5,1,11
29,9,36,Saturday,5,1,11
29,9,37,Saturday,5,1,9
29,9,38,Saturday,5,1,10
29,9,39,Saturday,5,1,11
29,9,40,Saturday,5,0,13
29,9,41,Saturday,5,0,14
29,9,42,Saturday,5,0,12
29,9,43,Saturday,5,0,11
29,9,44,Saturday,5,0,11
29,9,45,Saturday,5,0,9
29,9,46,Saturday,5,1,12
29,9,47,Saturday,5,1,14
29,9,48,Saturday,5,1,15
29,9,49,Saturday,5,1,16
29,9,50,Saturday,5,1,19
29,9,51,Saturday,5,1,20
29,9,52,Saturday,5,1,24
29,9,53,Saturday,5,1,21
29,9,54,Saturday,5,1,23
29,9,55,Saturday,5,1,22
29,9,56,Saturday,5,1,24
29,9,57,Saturday,5,1,20
29,9,58,Saturday,5,1,15
29,9,59,Saturday,5,1,14
29,10,0,Saturday,5,1,11
29,10,1,Saturday,5,1,13
29,10,2,Saturday,5,1,19
29,10,3,Saturday,5,1,12
29,10,4,Saturday,5,1,13
29,10,5,Saturday,5,1,18
29,10,6,Saturday,5,1,20
29,10,7,Saturday,5,1,17
29,10,8,Saturday,5,1,17
29,10,9,Saturday,5,1,14
29,10,10,Saturday,5,1,15
29,10,11,Saturday,5,1,14
29,10,12,Saturday,5,1,15
29,10,13,Saturday,5,1,15
29,10,14,Saturday,5,1,13
29,10,15,Saturday,5,1,14
29,10,16,Saturday,5,1,16
29,10,17,Saturday,5,1,18
29,10,18,Saturday,5,1,16
29,10,19,Saturday,5,1,15
29,10,20,Saturday,5,1,16
29,10,21,Saturday,5,1,18
29,10,22,Saturday,5,1,18
29,10,23,Saturday,5,1,18
29,10,24,Saturday,5,1,21
29,10,25,Saturday,5,0,24
29,10,26,Saturday,5,0,25
29,10,27,Saturday,5,0,25
29,10,28,Saturday,5,0,21
29,10,29,Saturday,5,0,21
29,10,30,Saturday,5,0,22
29,10,31,Saturday,5,0,17
29,10,32,Saturday,5,0,18
29,10,33,Saturday,5,0,17
29,10,34,Saturday,5,0,20
29,10,35,Saturday,5,0,21
29,10,36,Saturday,5,1,21
29,10,37,Saturday,5,1,23
29,10,38,Saturday,5,1,26
29,10,39,Saturday,5,1,24
29,10,40,Saturday,5,1,23
29,10,41,Saturday,5,1,24
29,10,42,Saturday,5,1,22
29,10,43,Saturday,5,1,20
29,10,44,Saturday,5,1,18
29,10,45,Saturday,5,1,19
29,10,46,Saturday,5,1,23
29,10,47,Saturday,5,1,22
29,10,48,Saturday,5,1,15
29,10,49,Saturday,5,1,20
29,10,50,Saturday,5,1,18
29,10,51,Saturday,5,1,20
29,10,52,Saturday,5,1,23
29,10,53,Saturday,5,1,24
29,10,54,Saturday,5,1,27
29,10,55,Saturday,5,1,28
29,10,56,Saturday,5,1,29
29,10,57,Saturday,5,1,25
29,10,58,Saturday,5,1,21
29,10,59,Saturday,5,1,19
29,11,0,Saturday,5,1,22
29,11,1,Saturday,5,1,22
29,11,2,Saturday,5,1,21
29,11,3,Saturday,5,1,21
29,11,4,Saturday,5,1,21
29,11,5,Saturday,5,1,24
29,11,6,Saturday,5,1,24
29,11,7,Saturday,5,1,27
29,11,8,Saturday,5,1,26
29,11,9,Saturday,5,1,26
29,11,10,Saturday,5,1,24
29,11,11,Saturday,5,1,26
29,11,12,Saturday,5,1,21
29,11,13,Saturday,5,1,23
29,11,14,Saturday,5,1,24
29,11,15,Saturday,5,0,25
29,11,16,Saturday,5,0,21
29,11,17,Saturday,5,0,20
29,11,18,Saturday,5,0,21
29,11,19,Saturday,5,0,23
29,11,20,Saturday,5,0,19
29,11,21,Saturday,5,1,19
29,11,22,Saturday,5,1,16
29,11,23,Saturday,5,1,20
29,11,24,Saturday,5,1,23
29,11,25,Saturday,5,1,21
29,11,26,Saturday,5,1,22
29,11,27,Saturday,5,1,23
29,11,28,Saturday,5,1,22
29,11,29,Saturday,5,1,26
29,11,30,Saturday,5,1,32
29,11,31,Saturday,5,1,31
29,11,32,Saturday,5,1,33
29,11,33,Saturday,5,1,31
29,11,34,Saturday,5,1,33
29,11,35,Saturday,5,1,37
29,11,36,Saturday,5,1,39
29,11,37,Saturday,5,1,38
29,11,38,Saturday,5,1,32
29,11,39,Saturday,5,1,34
29,11,40,Saturday,5,1,33
29,11,41,Saturday,5,1,30
29,11,42,Saturday,5,1,29
29,11,43,Saturday,5,1,29
29,11,44,Saturday,5,1,32
29,11,45,Saturday,5,1,35
29,11,46,Saturday,5,1,28
29,11,47,Saturday,5,1,29
29,11,48,Saturday,5,1,30
29,11,49,Saturday,5,1,24
29,11,50,Saturday,5,1,29
29,11,51,Saturday,5,1,31
29,11,52,Saturday,5,1,27
29,11,53,Saturday,5,1,24
29,11,54,Saturday,5,1,21
29,11,55,Saturday,5,1,25
29,11,56,Saturday,5,1,28
29,11,57,Saturday,5,1,29
29,11,58,Saturday,5,1,25
29,11,59,Saturday,5,1,28
29,12,0,Saturday,5,0,27
29,12,1,Saturday,5,0,24
29,12,2,Saturday,5,0,25
29,12,3,Saturday,5,0,23
29,12,4,Saturday,5,0,20
29,12,5,Saturday,5,0,26
29,12,6,Saturday,5,0,26
29,12,7,Saturday,5,0,26
29,12,8,Saturday,5,0,26
29,12,9,Saturday,5,0,29
29,12,10,Saturday,5,0,29
29,12,11,Saturday,5,0,27
29,12,12,Saturday,5,0,23
29,12,13,Saturday,5,0,25
29,12,14,Saturday,5,0,27
29,12,15,Saturday,5,0,36
29,12,16,Saturday,5,0,35
29,12,17,Saturday,5,0,33
29,12,18,Saturday,5,0,33
29,12,19,Saturday,5,0,32
29,12,20,Saturday,5,0,37
29,12,21,Saturday,5,1,36
29,12,22,Saturday,5,1,32
29,12,23,Saturday,5,1,31
29,12,24,Saturday,5,1,28
29,12,25,Saturday,5,1,26
29,12,26,Saturday,5,1,26
29,12,27,Saturday,5,1,24
29,12,28,Saturday,5,1,28
29,12,29,Saturday,5,1,26
29,12,30,Saturday,5,1,26
29,12,31,Saturday,5,1,29
29,12,32,Saturday,5,1,23
29,12,33,Saturday,5,1,24
29,12,34,Saturday,5,1,22
29,12,35,Saturday,5,1,19
29,12,36,Saturday,5,1,21
29,12,37,Saturday,5,1,18
29,12,38,Saturday,5,1,21
29,12,39,Saturday,5,1,18
29,12,40,Saturday,5,1,23
29,12,41,Saturday,5,1,27
29,12,42,Saturday,5,1,26
29,12,43,Saturday,5,1,29
29,12,44,Saturday,5,1,31
29,12,45,Saturday,5,1,29
29,12,46,Saturday,5,1,26
29,12,47,Saturday,5,1,27
29,12,48,Saturday,5,1,31
29,12,49,Saturday,5,1,24
29,12,50,Saturday,5,1,26
29,12,51,Saturday,5,1,25
29,12,52,Saturday,5,1,21
29,12,53,Saturday,5,1,24
29,12,54,Saturday,5,1,26
29,12,55,Saturday,5,1,22
29,12,56,Saturday,5,1,23
29,12,57,Saturday,5,1,20
29,12,58,Saturday,5,1,19
29,12,59,Saturday,5,1,22
29,13,0,Saturday,5,0,18
29,13,1,Saturday,5,0,18
29,13,2,Saturday,5,0,18
29,13,3,Saturday,5,0,23
29,13,4,Saturday,5,0,25
29,13,5,Saturday,5,0,32
29,13,6,Saturday,5,1,28
29,13,7,Saturday,5,1,28
29,13,8,Saturday,5,1,30
29,13,9,Saturday,5,1,29
29,13,10,Saturday,5,1,21
29,13,11,Saturday,5,1,23
29,13,12,Saturday,5,1,25
29,13,13,Saturday,5,1,24
29,13,14,Saturday,5,1,21
29,13,15,Saturday,5,1,20
29,13,16,Saturday,5,1,26
29,13,17,Saturday,5,1,24
29,13,18,Saturday,5,1,21
29,13,19,Saturday,5,1,23
29,13,20,Saturday,5,1,17
29,13,21,Saturday,5,1,20
29,13,22,Saturday,5,1,21
29,13,23,Saturday,5,1,22
29,13,24,Saturday,5,1,22
29,13,25,Saturday,5,1,20
29,13,26,Saturday,5,1,24
29,13,27,Saturday,5,1,22
29,13,28,Saturday,5,1,24
29,13,29,Saturday,5,1,28
29,13,30,Saturday,5,1,25
29,13,31,Saturday,5,1,27
29,13,32,Saturday,5,1,23
29,13,33,Saturday,5,1,24
29,13,34,Saturday,5,1,20
29,13,35,Saturday,5,1,22
29,13,36,Saturday,5,1,19
29,13,37,Saturday,5,1,18
29,13,38,Saturday,5,1,18
29,13,39,Saturday,5,1,20
29,13,40,Saturday,5,1,22
29,13,41,Saturday,5,1,25
29,13,42,Saturday,5,1,24
29,13,43,Saturday,5,1,26
29,13,44,Saturday,5,1,25
29,13,45,Saturday,5,0,26
29,13,46,Saturday,5,0,25
29,13,47,Saturday,5,0,21
29,13,48,Saturday,5,0,24
29,13,49,Saturday,5,0,26
29,13,50,Saturday,5,0,26
29,13,51,Saturday,5,0,22
29,13,52,Saturday,5,0,24
29,13,53,Saturday,5,0,22
29,13,54,Saturday,5,0,24
29,13,55,Saturday,5,0,27
29,13,56,Saturday,5,0,28
29,13,57,Saturday,5,0,25
29,13,58,Saturday,5,0,27
29,13,59,Saturday,5,0,25
29,14,0,Saturday,5,0,25
29,14,1,Saturday,5,0,23
29,14,2,Saturday,5,0,18
29,14,3,Saturday,5,0,21
29,14,4,Saturday,5,0,24
29,14,5,Saturday,5,0,25
29,14,6,Saturday,5,0,30
29,14,7,Saturday,5,0,30
29,14,8,Saturday,5,0,29
29,14,9,Saturday,5,0,26
29,14,10,Saturday,5,0,25
29,14,11,Saturday,5,0,27
29,14,12,Saturday,5,0,28
29,14,13,Saturday,5,0,29
29,14,14,Saturday,5,0,28
29,14,15,Saturday,5,0,26
29,14,16,Saturday,5,0,28
29,14,17,Saturday,5,0,32
29,14,18,Saturday,5,0,29
29,14,19,Saturday,5,0,28
29,14,20,Saturday,5,0,30
29,14,21,Saturday,5,0,32
29,14,22,Saturday,5,0,31
29,14,23,Saturday,5,0,31
29,14,24,Saturday,5,0,27
29,14,25,Saturday,5,0,28
29,14,26,Saturday,5,0,27
29,14,27,Saturday,5,0,25
29,14,28,Saturday,5,0,29
29,14,29,Saturday,5,0,26
29,14,30,Saturday,5,0,23
29,14,31,Saturday,5,0,24
29,14,32,Saturday,5,0,25
29,14,33,Saturday,5,0,25
29,14,34,Saturday,5,0,25
29,14,35,Saturday,5,0,28
29,14,36,Saturday,5,1,26
29,14,37,Saturday,5,1,26
29,14,38,Saturday,5,1,31
29,14,39,Saturday,5,1,34
29,14,40,Saturday,5,1,31
29,14,41,Saturday,5,1,31
29,14,42,Saturday,5,1,29
29,14,43,Saturday,5,1,30
29,14,44,Saturday,5,1,30
29,14,45,Saturday,5,1,30
29,14,46,Saturday,5,1,30
29,14,47,Saturday,5,1,30
29,14,48,Saturday,5,1,26
29,14,49,Saturday,5,1,29
29,14,50,Saturday,5,1,22
29,14,52,Saturday,5,1,26
29,14,53,Saturday,5,1,27
29,14,54,Saturday,5,1,26
29,14,55,Saturday,5,1,26
29,14,56,Saturday,5,1,28
29,14,57,Saturday,5,1,28
29,14,58,Saturday,5,1,29
29,14,59,Saturday,5,1,33
29,15,0,Saturday,5,1,32
29,15,1,Saturday,5,1,30
29,15,2,Saturday,5,1,29
29,15,3,Saturday,5,1,28
29,15,4,Saturday,5,1,23
29,15,5,Saturday,5,1,24
29,15,6,Saturday,5,1,19
29,15,7,Saturday,5,1,19
29,15,8,Saturday,5,1,19
29,15,9,Saturday,5,1,23
29,15,10,Saturday,5,1,22
29,15,11,Saturday,5,1,22
29,15,12,Saturday,5,1,23
29,15,13,Saturday,5,1,26
29,15,14,Saturday,5,1,27
29,15,15,Saturday,5,0,29
29,15,16,Saturday,5,0,29
29,15,17,Saturday,5,0,24
29,15,18,Saturday,5,0,25
29,15,19,Saturday,5,0,18
29,15,20,Saturday,5,0,21
29,15,21,Saturday,5,1,27
29,15,22,Saturday,5,1,28
29,15,23,Saturday,5,1,32
29,15,24,Saturday,5,1,30
29,15,25,Saturday,5,1,29
29,15,26,Saturday,5,1,27
29,15,27,Saturday,5,1,22
29,15,28,Saturday,5,1,26
29,15,29,Saturday,5,1,26
29,15,30,Saturday,5,1,27
29,15,31,Saturday,5,1,29
29,15,32,Saturday,5,1,30
29,15,33,Saturday,5,1,27
29,15,34,Saturday,5,1,25
29,15,35,Saturday,5,1,29
29,15,36,Saturday,5,1,28
29,15,37,Saturday,5,1,28
29,15,38,Saturday,5,1,27
29,15,39,Saturday,5,1,33
29,15,40,Saturday,5,1,34
29,15,41,Saturday,5,1,35
29,15,42,Saturday,5,1,34
29,15,43,Saturday,5,1,28
29,15,44,Saturday,5,1,28
29,15,45,Saturday,5,1,27
29,15,46,Saturday,5,1,28
29,15,47,Saturday,5,1,31
29,15,48,Saturday,5,1,32
29,15,49,Saturday,5,1,30
29,15,50,Saturday,5,1,28
29,15,51,Saturday,5,1,27
29,15,52,Saturday,5,1,24
29,15,53,Saturday,5,1,22
29,15,54,Saturday,5,1,19
29,15,55,Saturday,5,1,20
29,15,56,Saturday,5,1,21
29,15,57,Saturday,5,1,24
29,15,58,Saturday,5,1,27
29,15,59,Saturday,5,1,22
29,16,0,Saturday,5,0,25
29,16,1,Saturday,5,0,21
29,16,2,Saturday,5,0,27
29,16,3,Saturday,5,0,25
29,16,4,Saturday,5,0,24
29,16,5,Saturday,5,0,25
29,16,6,Saturday,5,0,23
29,16,7,Saturday,5,0,22
29,16,8,Saturday,5,0,23
29,16,9,Saturday,5,0,25
29,16,10,Saturday,5,0,27
29,16,11,Saturday,5,1,29
29,16,12,Saturday,5,1,30
29,16,13,Saturday,5,1,28
29,16,14,Saturday,5,1,30
29,16,15,Saturday,5,1,29
29,16,16,Saturday,5,1,25
29,16,17,Saturday,5,1,24
29,16,18,Saturday,5,1,23
29,16,19,Saturday,5,1,27
29,16,20,Saturday,5,1,28
29,16,21,Saturday,5,1,27
29,16,22,Saturday,5,1,27
29,16,23,Saturday,5,1,26
29,16,24,Saturday,5,1,24
29,16,25,Saturday,5,1,27
29,16,26,Saturday,5,1,27
29,16,27,Saturday,5,1,27
29,16,28,Saturday,5,1,24
29,16,29,Saturday,5,1,30
29,16,30,Saturday,5,1,28
29,16,31,Saturday,5,1,31
29,16,32,Saturday,5,1,31
29,16,33,Saturday,5,1,33
29,16,34,Saturday,5,1,31
29,16,35,Saturday,5,1,27
29,16,36,Saturday,5,1,23
29,16,37,Saturday,5,1,24
29,16,38,Saturday,5,1,23
29,16,39,Saturday,5,1,24
29,16,40,Saturday,5,1,27
29,16,41,Saturday,5,1,29
29,16,42,Saturday,5,1,30
29,16,43,Saturday,5,1,28
29,16,44,Saturday,5,1,28
29,16,45,Saturday,5,1,26
29,16,46,Saturday,5,1,25
29,16,47,Saturday,5,1,25
29,16,48,Saturday,5,1,24
29,16,49,Saturday,5,1,26
29,16,50,Saturday,5,0,23
29,16,51,Saturday,5,0,19
29,16,52,Saturday,5,0,16
29,16,53,Saturday,5,0,16
29,16,54,Saturday,5,0,21
29,16,55,Saturday,5,0,22
29,16,56,Saturday,5,1,21
29,16,57,Saturday,5,1,25
29,16,58,Saturday,5,1,27
29,16,59,Saturday,5,1,23
29,17,0,Saturday,5,1,25
29,17,1,Saturday,5,1,26
29,17,2,Saturday,5,1,28
29,17,3,Saturday,5,1,24
29,17,4,Saturday,5,1,28
29,17,5,Saturday,5,1,24
29,17,6,Saturday,5,1,29
29,17,7,Saturday,5,1,31
29,17,8,Saturday,5,1,25
29,17,9,Saturday,5,1,30
29,17,10,Saturday,5,1,34
29,17,11,Saturday,5,1,33
29,17,12,Saturday,5,1,30
29,17,13,Saturday,5,1,28
29,17,14,Saturday,5,1,29
29,17,15,Saturday,5,1,28
29,17,16,Saturday,5,1,28
29,17,17,Saturday,5,1,24
29,17,18,Saturday,5,1,21
29,17,19,Saturday,5,1,20
29,17,20,Saturday,5,1,24
29,17,21,Saturday,5,1,28
29,17,22,Saturday,5,1,29
29,17,23,Saturday,5,1,28
29,17,24,Saturday,5,1,24
29,17,25,Saturday,5,1,27
29,17,26,Saturday,5,1,23
29,17,27,Saturday,5,1,22
29,17,28,Saturday,5,1,24
29,17,29,Saturday,5,1,21
29,17,30,Saturday,5,1,20
29,17,31,Saturday,5,1,19
29,17,32,Saturday,5,1,19
29,17,33,Saturday,5,1,20
29,17,34,Saturday,5,1,20
29,17,35,Saturday,5,0,22
29,17,36,Saturday,5,0,24
29,17,37,Saturday,5,0,22
29,17,38,Saturday,5,0,21
29,17,39,Saturday,5,0,20
29,17,40,Saturday,5,0,25
29,17,41,Saturday,5,0,23
29,17,42,Saturday,5,0,21
29,17,43,Saturday,5,0,17
29,17,44,Saturday,5,0,19
29,17,45,Saturday,5,0,26
29,17,46,Saturday,5,0,23
29,17,47,Saturday,5,0,29
29,17,48,Saturday,5,0,31
29,17,49,Saturday,5,0,36
29,17,50,Saturday,5,0,32
29,17,51,Saturday,5,0,32
29,17,52,Saturday,5,0,29
29,17,53,Saturday,5,0,34
29,17,54,Saturday,5,0,36
29,17,55,Saturday,5,0,34
29,17,56,Saturday,5,0,34
29,17,57,Saturday,5,0,34
29,17,58,Saturday,5,0,28
29,17,59,Saturday,5,0,28
29,18,0,Saturday,5,0,27
29,18,1,Saturday,5,0,27
29,18,2,Saturday,5,0,28
29,18,3,Saturday,5,0,26
29,18,4,Saturday,5,0,23
29,18,5,Saturday,5,0,22
29,18,6,Saturday,5,0,25
29,18,7,Saturday,5,0,29
29,18,8,Saturday,5,0,25
29,18,9,Saturday,5,0,25
29,18,10,Saturday,5,0,25
29,18,11,Saturday,5,0,26
29,18,12,Saturday,5,0,23
29,18,13,Saturday,5,0,26
29,18,14,Saturday,5,0,26
29,18,15,Saturday,5,0,27
29,18,16,Saturday,5,0,30
29,18,17,Saturday,5,0,33
29,18,18,Saturday,5,0,31
29,18,19,Saturday,5,0,33
29,18,20,Saturday,5,0,31
29,18,21,Saturday,5,0,32
29,18,22,Saturday,5,0,33
29,18,23,Saturday,5,0,31
29,18,24,Saturday,5,0,28
29,18,25,Saturday,5,0,27
29,18,26,Saturday,5,0,28
29,18,27,Saturday,5,0,29
29,18,28,Saturday,5,0,33
29,18,29,Saturday,5,0,34
29,18,30,Saturday,5,0,37
29,18,31,Saturday,5,0,39
29,18,32,Saturday,5,0,34
29,18,33,Saturday,5,0,32
29,18,34,Saturday,5,0,37
29,18,35,Saturday,5,0,36
29,18,36,Saturday,5,0,37
29,18,37,Saturday,5,0,39
29,18,38,Saturday,5,0,41
29,18,39,Saturday,5,0,41
29,18,40,Saturday,5,0,41
29,18,41,Saturday,5,0,38
29,18,42,Saturday,5,0,41
29,18,43,Saturday,5,0,37
29,18,44,Saturday,5,0,32
29,18,45,Saturday,5,0,32
29,18,46,Saturday,5,0,34
29,18,47,Saturday,5,0,30
29,18,48,Saturday,5,0,33
29,18,49,Saturday,5,0,34
29,18,50,Saturday,5,0,33
29,18,51,Saturday,5,0,33
29,18,52,Saturday,5,0,39
29,18,53,Saturday,5,0,38
29,18,54,Saturday,5,0,33
29,18,55,Saturday,5,0,30
29,18,56,Saturday,5,0,28
29,18,57,Saturday,5,0,32
29,18,58,Saturday,5,0,36
29,18,59,Saturday,5,0,33
29,19,0,Saturday,5,0,40
29,19,1,Saturday,5,0,42
29,19,2,Saturday,5,0,47
29,19,3,Saturday,5,0,41
29,19,4,Saturday,5,0,40
29,19,5,Saturday,5,0,37
29,19,6,Saturday,5,0,39
29,19,7,Saturday,5,0,36
29,19,8,Saturday,5,0,37
29,19,9,Saturday,5,0,38
29,19,10,Saturday,5,0,35
29,19,11,Saturday,5,0,34
29,19,12,Saturday,5,0,30
29,19,13,Saturday,5,0,32
29,19,14,Saturday,5,0,33
29,19,15,Saturday,5,0,32
29,19,16,Saturday,5,0,30
29,19,17,Saturday,5,0,31
29,19,18,Saturday,5,0,31
29,19,19,Saturday,5,0,27
29,19,20,Saturday,5,0,29
29,19,21,Saturday,5,0,30
29,19,22,Saturday,5,0,33
29,19,23,Saturday,5,0,31
29,19,24,Saturday,5,0,27
29,19,25,Saturday,5,0,22
29,19,26,Saturday,5,0,24
29,19,27,Saturday,5,0,25
29,19,28,Saturday,5,0,28
29,19,29,Saturday,5,0,30
29,19,30,Saturday,5,0,34
29,19,31,Saturday,5,0,31
29,19,32,Saturday,5,0,28
29,19,33,Saturday,5,0,28
29,19,34,Saturday,5,0,29
29,19,35,Saturday,5,0,29
29,19,36,Saturday,5,0,31
29,19,37,Saturday,5,0,35
29,19,38,Saturday,5,0,36
29,19,39,Saturday,5,0,36
29,19,40,Saturday,5,0,37
29,19,41,Saturday,5,0,35
29,19,42,Saturday,5,0,35
29,19,43,Saturday,5,0,38
29,19,44,Saturday,5,0,37
29,19,45,Saturday,5,0,33
29,19,46,Saturday,5,0,34
29,19,47,Saturday,5,0,34
29,19,48,Saturday,5,0,31
29,19,49,Saturday,5,0,27
29,19,50,Saturday,5,0,37
29,19,51,Saturday,5,0,33
29,19,52,Saturday,5,0,30
29,19,53,Saturday,5,0,32
29,19,54,Saturday,5,0,31
29,19,55,Saturday,5,0,25
29,19,56,Saturday,5,0,24
29,19,57,Saturday,5,0,19
29,19,58,Saturday,5,0,21
29,19,59,Saturday,5,0,23
29,20,0,Saturday,5,0,27
29,20,1,Saturday,5,0,29
29,20,2,Saturday,5,0,31
29,20,3,Saturday,5,0,29
29,20,4,Saturday,5,0,29
29,20,5,Saturday,5,0,29
29,20,6,Saturday,5,0,32
29,20,7,Saturday,5,0,33
29,20,8,Saturday,5,0,33
29,20,9,Saturday,5,0,32
29,20,10,Saturday,5,0,32
29,20,11,Saturday,5,0,30
29,20,12,Saturday,5,0,33
29,20,13,Saturday,5,0,32
29,20,14,Saturday,5,0,31
29,20,15,Saturday,5,0,33
29,20,16,Saturday,5,0,35
29,20,17,Saturday,5,0,31
29,20,18,Saturday,5,0,29
29,20,19,Saturday,5,0,30
29,20,20,Saturday,5,0,32
29,20,21,Saturday,5,0,33
29,20,22,Saturday,5,0,28
29,20,23,Saturday,5,0,27
29,20,24,Saturday,5,0,28
29,20,25,Saturday,5,0,26
29,20,26,Saturday,5,0,29
29,20,27,Saturday,5,0,31
29,20,28,Saturday,5,0,29
29,20,29,Saturday,5,0,28
29,20,30,Saturday,5,0,32
29,20,31,Saturday,5,0,30
29,20,32,Saturday,5,0,25
29,20,33,Saturday,5,0,31
29,20,34,Saturday,5,0,29
29,20,35,Saturday,5,0,28
29,20,36,Saturday,5,0,29
29,20,37,Saturday,5,0,32
29,20,38,Saturday,5,0,29
29,20,39,Saturday,5,0,26
29,20,40,Saturday,5,0,30
29,20,41,Saturday,5,0,31
29,20,42,Saturday,5,0,30
29,20,43,Saturday,5,0,32
29,20,44,Saturday,5,0,30
29,20,45,Saturday,5,0,28
29,20,46,Saturday,5,0,22
29,20,47,Saturday,5,0,23
29,20,48,Saturday,5,0,24
29,20,49,Saturday,5,0,24
29,20,50,Saturday,5,0,21
29,20,51,Saturday,5,0,32
29,20,52,Saturday,5,0,32
29,20,53,Saturday,5,0,36
29,20,54,Saturday,5,0,35
29,20,55,Saturday,5,0,36
29,20,56,Saturday,5,0,34
29,20,57,Saturday,5,0,28
29,20,58,Saturday,5,0,28
29,20,59,Saturday,5,0,25
29,21,0,Saturday,5,0,23
29,21,1,Saturday,5,0,25
29,21,2,Saturday,5,0,23
29,21,3,Saturday,5,0,23
29,21,4,Saturday,5,0,25
29,21,5,Saturday,5,0,25
29,21,6,Saturday,5,0,23
29,21,7,Saturday,5,0,22
29,21,8,Saturday,5,0,23
29,21,9,Saturday,5,0,22
29,21,10,Saturday,5,0,23
29,21,11,Saturday,5,0,25
29,21,12,Saturday,5,0,30
29,21,13,Saturday,5,0,29
29,21,14,Saturday,5,0,30
29,21,15,Saturday,5,0,31
29,21,16,Saturday,5,0,32
29,21,17,Saturday,5,0,29
29,21,18,Saturday,5,0,25
29,21,19,Saturday,5,0,25
29,21,20,Saturday,5,0,26
29,21,21,Saturday,5,0,29
29,21,22,Saturday,5,0,30
29,21,23,Saturday,5,0,35
29,21,24,Saturday,5,0,35
29,21,25,Saturday,5,0,34
29,21,26,Saturday,5,0,30
29,21,27,Saturday,5,0,29
29,21,28,Saturday,5,0,31
29,21,29,Saturday,5,0,30
29,21,30,Saturday,5,0,27
29,21,31,Saturday,5,0,27
29,21,32,Saturday,5,0,32
29,21,33,Saturday,5,0,29
29,21,34,Saturday,5,0,29
29,21,35,Saturday,5,0,31
29,21,36,Saturday,5,0,31
29,21,37,Saturday,5,0,34
29,21,38,Saturday,5,0,33
29,21,39,Saturday,5,0,37
29,21,40,Saturday,5,0,34
29,21,41,Saturday,5,0,39
29,21,42,Saturday,5,0,39
29,21,43,Saturday,5,0,41
29,21,44,Saturday,5,0,39
29,21,45,Saturday,5,0,39
29,21,46,Saturday,5,0,37
29,21,47,Saturday,5,0,37
29,21,48,Saturday,5,0,36
29,21,49,Saturday,5,0,38
29,21,50,Saturday,5,0,38
29,21,51,Saturday,5,0,40
29,21,52,Saturday,5,0,37
29,21,53,Saturday,5,0,38
29,21,54,Saturday,5,0,39
29,21,55,Saturday,5,0,31
29,21,56,Saturday,5,0,33
29,21,57,Saturday,5,0,35
29,21,58,Saturday,5,0,37
29,21,59,Saturday,5,0,38
29,22,0,Saturday,5,0,34
29,22,1,Saturday,5,0,35
29,22,2,Saturday,5,0,38
29,22,3,Saturday,5,0,34
29,22,4,Saturday,5,0,36
29,22,5,Saturday,5,0,34
29,22,6,Saturday,5,0,34
29,22,7,Saturday,5,0,32
29,22,8,Saturday,5,0,33
29,22,9,Saturday,5,0,31
29,22,10,Saturday,5,0,34
29,22,11,Saturday,5,0,39
29,22,12,Saturday,5,0,40
29,22,13,Saturday,5,0,37
29,22,14,Saturday,5,0,38
29,22,15,Saturday,5,0,30
29,22,16,Saturday,5,0,30
29,22,17,Saturday,5,0,27
29,22,18,Saturday,5,0,30
29,22,19,Saturday,5,0,31
29,22,20,Saturday,5,0,29
29,22,21,Saturday,5,0,30
29,22,22,Saturday,5,0,29
29,22,23,Saturday,5,0,32
29,22,24,Saturday,5,0,31
29,22,25,Saturday,5,0,30
29,22,26,Saturday,5,0,34
29,22,27,Saturday,5,0,36
29,22,28,Saturday,5,0,30
29,22,29,Saturday,5,0,29
29,22,30,Saturday,5,0,32
29,22,31,Saturday,5,0,34
29,22,32,Saturday,5,0,36
29,22,33,Saturday,5,0,32
29,22,34,Saturday,5,0,38
29,22,35,Saturday,5,0,36
29,22,36,Saturday,5,0,36
29,22,37,Saturday,5,0,30
29,22,38,Saturday,5,0,29
29,22,39,Saturday,5,0,28
29,22,40,Saturday,5,0,29
29,22,41,Saturday,5,0,33
29,22,42,Saturday,5,0,36
29,22,43,Saturday,5,0,36
29,22,44,Saturday,5,0,34
29,22,45,Saturday,5,0,30
29,22,46,Saturday,5,0,30
29,22,47,Saturday,5,0,31
29,22,48,Saturday,5,0,27
29,22,49,Saturday,5,0,29
29,22,50,Saturday,5,0,27
29,22,51,Saturday,5,0,29
29,22,52,Saturday,5,0,32
29,22,53,Saturday,5,0,32
29,22,54,Saturday,5,0,32
29,22,55,Saturday,5,0,29
29,22,56,Saturday,5,0,27
29,22,57,Saturday,5,0,28
29,22,58,Saturday,5,0,29
29,22,59,Saturday,5,0,28
29,23,0,Saturday,5,0,26
29,23,1,Saturday,5,0,28
29,23,2,Saturday,5,0,28
29,23,3,Saturday,5,0,22
29,23,4,Saturday,5,0,23
29,23,5,Saturday,5,0,23
29,23,6,Saturday,5,0,22
29,23,7,Saturday,5,0,22
29,23,8,Saturday,5,0,21
29,23,9,Saturday,5,0,23
29,23,10,Saturday,5,0,22
29,23,11,Saturday,5,0,27
29,23,12,Saturday,5,0,26
29,23,13,Saturday,5,0,30
29,23,14,Saturday,5,0,30
29,23,15,Saturday,5,0,30
29,23,16,Saturday,5,0,28
29,23,17,Saturday,5,0,26
29,23,18,Saturday,5,0,22
29,23,19,Saturday,5,0,24
29,23,20,Saturday,5,0,24
29,23,21,Saturday,5,0,24
29,23,22,Saturday,5,0,25
29,23,23,Saturday,5,0,27
29,23,24,Saturday,5,0,29
29,23,25,Saturday,5,0,26
29,23,26,Saturday,5,0,27
29,23,27,Saturday,5,0,30
29,23,28,Saturday,5,0,31
29,23,29,Saturday,5,0,30
29,23,30,Saturday,5,0,30
29,23,31,Saturday,5,0,31
29,23,32,Saturday,5,0,30
29,23,33,Saturday,5,0,29
29,23,34,Saturday,5,0,29
29,23,35,Saturday,5,0,31
29,23,36,Saturday,5,0,28
29,23,37,Saturday,5,0,25
29,23,38,Saturday,5,0,26
29,23,39,Saturday,5,0,25
29,23,40,Saturday,5,0,26
29,23,41,Saturday,5,0,24
29,23,42,Saturday,5,0,28
29,23,43,Saturday,5,0,27
29,23,44,Saturday,5,0,23
29,23,45,Saturday,5,0,21
29,23,46,Saturday,5,0,22
29,23,47,Saturday,5,0,21
29,23,48,Saturday,5,0,22
29,23,49,Saturday,5,0,24
